student_id,age,gender,year_of_study,gpa,academic_consistency,programming_skill_score,problem_solving_score,digital_skill_score,communication_skill_score,teamwork_score,leadership_score,adaptability_score,learning_motivation_score,internship_count,internship_duration_months,project_count,project_portfolio_score,industry_alignment_score,workshops_attended,online_courses_completed,networking_events_attended,career_clarity_score,market_awareness_score,higher_study_interest,target_industry,career_goal_alignment_score,interview_readiness_score,resume_quality_score,employment_competitiveness_score,employment_competitiveness_level
STU0001,24,Male,4,8.47,82.51,84.35,82.93,85.26,50.41,66.29,67.71,87.29,87.19,3,12,6,76.96,73.51,7,10,2,77.52,67.83,Yes,Manufacturing,72.95,62.74,78.75,59.43,Medium
STU0002,21,Male,4,7.94,70.48,66.67,69.87,76.08,62.76,68.96,81.02,41.37,64.35,3,14,3,69.21,84.39,7,3,7,89.5,90.3,Yes,Manufacturing,84.66,86.39,72.58,55.87,Medium
STU0003,22,Male,2,8.02,84.61,66.93,69.0,60.04,75.57,79.56,47.76,67.17,66.61,4,16,3,58.55,74.41,8,5,4,54.32,61.61,Undecided,Consulting,57.82,70.6,69.9,49.95,Medium
STU0004,24,Male,2,5.56,77.62,64.71,77.76,74.2,80.02,73.74,60.31,36.08,74.75,4,8,5,70.21,100.0,9,4,4,73.11,75.67,Undecided,Education,78.07,75.04,85.94,51.66,Medium
STU0005,20,Male,2,8.65,74.97,63.05,73.86,62.82,98.51,80.03,73.67,62.02,54.56,3,6,3,64.1,61.57,6,3,1,97.85,75.54,No,Consulting,78.03,89.98,59.85,59.15,Medium
STU0006,25,Male,4,7.51,77.36,73.83,82.16,51.89,82.42,97.17,82.57,66.11,78.97,2,9,4,60.72,69.89,4,4,3,60.15,68.67,Undecided,Information Technology,57.96,89.91,72.47,63.13,Medium
STU0007,22,Male,3,6.76,75.32,50.54,63.12,71.47,69.26,56.44,63.33,88.62,66.56,5,17,4,56.45,77.15,6,6,4,100.0,73.32,Yes,Government,91.88,80.21,67.61,78.68,High
STU0008,22,Male,1,7.37,77.19,86.65,85.83,71.91,58.42,73.63,66.92,76.76,92.02,2,9,7,98.74,74.24,7,0,5,57.31,70.43,Yes,Finance,73.59,70.17,66.73,52.09,Medium
STU0009,24,Female,1,5.07,54.84,61.35,58.24,57.2,62.66,62.45,70.42,62.0,48.89,1,2,4,64.5,37.82,7,7,5,65.89,79.7,Yes,Healthcare,84.37,73.23,49.62,27.64,Low
STU0010,19,Female,1,7.69,70.12,79.38,91.69,71.63,62.29,64.67,55.37,84.79,85.35,1,3,1,44.02,49.34,6,1,5,82.12,83.12,Yes,Consulting,78.2,65.18,53.98,53.83,Medium
STU0011,20,Male,3,5.96,65.27,53.49,55.41,64.14,78.52,72.16,84.1,72.21,68.77,3,6,4,51.87,54.01,8,3,6,72.28,84.6,Undecided,Healthcare,65.05,70.06,69.17,36.84,Low
STU0012,24,Female,4,5.58,54.92,78.69,86.47,74.71,73.34,64.97,74.28,72.45,62.66,5,17,3,69.68,79.78,6,4,0,39.69,50.82,Undecided,Healthcare,37.4,59.25,84.51,40.82,Medium
STU0013,20,Female,2,5.37,43.0,78.74,65.76,80.79,52.79,69.47,61.67,57.57,58.99,1,2,6,68.52,49.06,7,5,1,76.14,79.67,Yes,Manufacturing,86.45,65.44,51.94,24.16,Low
STU0014,20,Male,1,8.54,95.22,74.99,71.07,59.85,64.33,82.85,92.29,60.12,82.05,0,2,2,52.46,37.97,9,5,1,72.03,59.37,No,Manufacturing,74.27,67.41,43.98,44.67,Medium
STU0015,25,Female,1,6.44,74.67,57.07,77.76,55.96,81.41,81.33,95.49,62.1,61.62,4,17,6,71.6,66.91,6,6,5,61.88,64.16,No,Education,68.53,78.38,70.64,56.39,Medium
STU0016,22,Female,4,9.04,91.72,73.24,81.07,71.12,74.57,74.59,83.94,72.56,71.53,5,22,8,85.74,78.67,10,7,7,66.22,89.73,Yes,Information Technology,80.66,79.29,93.88,91.43,High
STU0017,21,Male,2,6.56,70.64,54.62,71.11,81.02,77.39,64.96,33.86,72.93,77.45,1,3,6,80.98,47.48,7,5,8,39.06,69.34,Undecided,Research,61.64,55.74,61.84,47.25,Medium
STU0018,25,Male,4,5.15,63.87,66.71,77.16,67.55,74.98,78.91,93.31,90.53,59.15,2,10,10,73.74,70.26,6,6,4,61.77,73.75,No,Manufacturing,81.88,66.29,78.82,49.32,Medium
STU0019,25,Female,3,5.86,64.31,83.38,77.73,88.71,91.14,100.0,95.32,76.62,65.24,3,12,6,83.04,76.4,7,5,4,80.94,54.2,No,Healthcare,62.76,87.38,82.16,65.17,Medium
STU0020,20,Female,2,8.68,94.45,80.36,79.48,76.58,73.07,69.07,94.52,39.51,97.28,2,6,5,70.87,72.43,3,8,7,72.59,78.05,Yes,Research,68.85,76.72,65.2,58.09,Medium
STU0021,23,Male,2,7.01,71.01,70.2,79.25,65.77,64.98,65.48,82.01,75.15,63.69,4,14,5,80.11,77.13,9,2,2,85.17,71.6,No,Manufacturing,81.8,62.21,78.29,64.37,Medium
STU0022,22,Male,1,6.54,78.04,57.33,68.12,61.06,58.1,60.53,82.65,54.6,79.02,0,1,2,48.18,37.67,6,7,3,97.88,81.06,Undecided,Consulting,92.81,72.83,44.53,11.36,Low
STU0023,19,Male,3,7.39,78.76,78.39,83.33,73.43,73.24,68.06,80.67,60.41,65.42,0,1,3,60.78,48.43,4,10,2,57.64,64.74,Yes,Information Technology,55.14,55.27,49.87,33.25,Low
STU0024,25,Male,4,7.8,81.56,70.25,57.93,76.67,38.27,30.0,64.25,62.25,76.8,1,3,2,54.55,59.84,8,2,6,56.65,63.47,Yes,Manufacturing,68.51,58.63,61.43,15.99,Low
STU0025,21,Female,3,8.54,77.97,39.84,63.79,67.66,67.6,74.47,94.89,64.04,77.39,1,4,5,53.65,55.46,3,2,3,84.26,95.0,No,Consulting,83.06,80.31,57.34,43.41,Medium
STU0026,23,Male,3,8.94,92.47,80.17,78.33,79.69,67.32,61.84,69.07,55.5,84.18,0,2,1,48.33,44.46,7,6,4,67.67,58.83,No,Information Technology,69.67,64.45,41.23,48.55,Medium
STU0027,23,Male,1,6.77,65.11,69.68,82.37,82.19,52.26,47.41,38.79,74.44,68.32,0,2,5,68.2,58.92,6,6,4,67.27,64.19,Yes,Education,58.69,60.13,71.56,43.05,Medium
STU0028,19,Female,4,5.61,56.02,85.63,78.13,69.45,57.93,73.6,64.55,55.07,79.03,3,11,4,83.13,76.3,5,4,4,100.0,87.4,Yes,Manufacturing,77.07,78.97,77.68,38.67,Low
STU0029,25,Male,4,6.7,64.59,55.76,64.62,58.52,80.53,65.42,75.71,76.28,65.19,1,4,3,50.59,45.32,5,2,4,88.73,64.01,Yes,Information Technology,81.35,84.67,42.77,43.51,Medium
STU0030,21,Male,2,7.51,70.13,30.0,56.94,41.26,73.0,69.46,71.46,98.84,81.31,5,21,5,50.0,84.08,7,10,5,72.39,69.87,Undecided,Consulting,86.04,73.89,80.98,54.4,Medium
STU0031,22,Female,4,6.04,79.23,73.63,67.88,75.64,71.32,86.76,61.24,56.05,71.75,2,11,1,47.57,43.54,8,4,7,77.68,84.05,Yes,Consulting,79.66,79.11,44.71,41.45,Medium
STU0032,18,Female,3,6.05,73.77,73.79,87.01,68.99,73.98,59.2,47.64,68.59,61.3,3,11,10,95.85,67.14,2,2,5,73.2,66.08,Yes,Information Technology,83.85,73.49,80.07,55.98,Medium
STU0033,21,Female,3,7.61,91.93,48.02,84.72,65.71,71.2,56.71,56.75,41.72,67.12,1,6,1,56.15,53.21,2,2,10,50.29,65.93,Undecided,Consulting,51.06,72.51,53.71,29.61,Low
STU0034,19,Female,4,7.14,65.7,57.28,66.91,54.19,86.16,81.47,87.75,68.39,69.97,1,4,13,98.94,71.43,6,2,3,75.3,71.83,Undecided,Government,67.84,88.55,72.05,44.4,Medium
STU0035,23,Male,4,7.24,75.66,100.0,99.2,87.43,71.6,83.71,94.16,79.71,71.5,3,12,4,94.99,83.33,5,5,2,67.91,64.55,No,Finance,71.6,64.57,74.6,67.45,Medium
STU0036,22,Male,3,6.29,57.56,66.03,60.31,75.19,51.04,47.22,68.29,80.65,91.31,2,5,3,61.73,58.42,5,4,6,60.18,62.0,Undecided,Education,67.54,56.71,60.16,27.4,Low
STU0037,21,Female,1,6.92,67.41,79.5,67.99,55.07,91.19,85.11,93.28,72.93,62.92,3,10,8,79.82,88.46,4,4,1,64.29,61.1,No,Manufacturing,61.78,75.1,77.23,56.85,Medium
STU0038,18,Male,2,6.09,58.38,61.54,63.45,87.06,74.81,79.47,73.55,82.67,80.85,3,9,5,62.16,52.88,6,7,8,51.25,68.91,Yes,Finance,66.29,62.38,63.78,53.83,Medium
STU0039,18,Male,4,8.27,93.11,42.83,70.34,52.72,62.34,47.46,39.29,100.0,95.3,3,9,5,44.5,62.15,7,6,2,46.92,65.45,No,Manufacturing,55.26,57.6,75.71,44.67,Medium
STU0040,20,Male,2,8.44,83.19,67.79,71.47,49.03,53.71,72.15,61.22,92.55,81.76,2,6,1,49.58,64.42,8,7,8,59.6,62.38,No,Research,64.48,58.42,54.52,46.71,Medium
STU0041,20,Male,2,4.98,62.3,66.55,71.05,70.18,75.15,82.58,72.59,65.73,58.74,4,19,1,56.7,85.52,7,4,3,57.44,52.91,Yes,Healthcare,61.81,65.12,76.14,36.55,Low
STU0042,24,Male,2,6.08,68.95,64.8,70.74,67.97,68.48,67.7,62.85,54.59,58.6,3,15,7,77.93,87.52,5,6,9,98.83,85.29,Yes,Healthcare,100.0,76.65,66.77,57.49,Medium
STU0043,19,Male,2,5.4,74.73,68.51,64.0,68.86,90.46,93.23,83.9,67.13,66.63,5,10,5,75.4,74.2,7,4,4,91.06,72.32,Undecided,Information Technology,75.14,80.21,64.61,71.79,High
STU0044,25,Male,3,6.42,57.42,73.44,72.3,82.3,65.5,80.84,77.97,60.64,47.22,4,9,6,79.13,84.27,7,5,3,63.18,72.74,No,Finance,73.07,66.88,78.24,48.22,Medium
STU0045,21,Male,4,7.1,82.71,68.05,81.48,76.9,59.11,67.63,76.68,77.42,68.14,0,3,6,83.5,56.26,7,4,6,77.95,75.93,Yes,Government,82.59,63.48,70.45,50.59,Medium
STU0046,21,Female,2,5.46,67.17,53.57,63.99,64.44,81.65,72.23,70.36,57.83,52.52,2,7,7,65.91,63.17,8,6,6,69.91,78.14,Undecided,Information Technology,89.83,77.96,53.49,40.8,Medium
STU0047,25,Female,1,6.09,58.0,76.32,78.87,78.48,82.03,67.19,49.18,71.13,78.75,3,8,3,68.78,81.85,2,4,4,62.03,79.15,Yes,Information Technology,81.25,66.73,78.86,46.98,Medium
STU0048,24,Female,1,6.0,71.05,44.66,50.23,55.52,72.19,72.11,65.49,82.06,80.05,3,9,6,80.73,94.29,12,7,2,55.91,50.57,Yes,Government,62.65,62.85,89.28,42.47,Medium
STU0049,23,Female,4,7.45,79.4,43.35,66.04,73.6,78.79,81.15,76.62,70.79,81.1,2,9,6,85.69,73.89,8,5,3,65.22,78.37,Undecided,Information Technology,58.18,83.48,83.62,49.34,Medium
STU0050,23,Female,3,7.28,73.93,79.61,67.34,60.99,69.51,68.04,83.87,60.64,74.37,4,19,1,64.23,54.83,5,9,3,62.76,63.3,Yes,Healthcare,68.77,64.69,74.32,46.48,Medium
STU0051,24,Male,2,6.33,61.2,76.59,61.97,75.52,73.04,50.89,57.26,86.1,73.75,1,2,6,78.18,45.59,4,5,3,67.67,41.72,No,Government,67.84,69.81,52.46,26.16,Low
STU0052,23,Female,4,7.41,71.66,69.25,66.2,70.74,85.14,91.0,87.29,49.45,78.06,1,3,2,46.52,49.14,2,1,3,100.0,78.41,No,Consulting,79.82,77.98,40.5,39.98,Low
STU0053,20,Female,4,6.54,83.21,51.86,59.92,68.66,78.13,77.06,77.98,68.07,69.05,0,0,7,66.62,61.62,7,4,3,68.6,51.22,Yes,Information Technology,57.74,66.14,40.31,19.24,Low
STU0054,21,Female,4,6.87,71.83,60.8,63.12,57.0,67.8,66.71,68.83,71.5,72.55,3,9,3,54.89,57.1,9,6,1,51.34,41.81,Yes,Government,65.46,62.26,77.69,49.89,Medium
STU0055,24,Male,4,9.21,98.36,66.58,77.67,51.18,87.58,87.98,91.85,72.19,87.81,3,12,6,88.18,76.36,7,8,2,66.97,52.54,No,Government,72.27,57.18,84.49,62.31,Medium
STU0056,21,Male,2,8.81,83.75,49.25,73.17,60.66,39.26,72.91,55.4,74.17,64.67,2,6,5,57.99,76.38,5,2,6,87.47,76.93,Undecided,Consulting,70.62,66.66,69.62,56.8,Medium
STU0057,25,Male,4,5.64,55.3,60.39,58.96,68.03,96.68,55.49,64.69,79.33,96.02,3,11,8,82.57,72.06,3,7,2,100.0,61.54,No,Government,81.72,85.51,55.73,53.45,Medium
STU0058,18,Male,3,8.2,91.37,78.48,69.61,90.06,47.82,65.86,62.86,71.58,78.71,0,0,3,69.99,70.52,6,5,7,49.7,79.1,Yes,Consulting,64.97,55.31,63.66,31.38,Low
STU0059,20,Female,4,8.17,74.08,88.55,89.9,68.0,61.85,53.57,54.53,67.58,72.48,0,3,2,34.71,34.58,6,5,6,70.65,82.95,No,Government,86.93,77.7,40.66,36.81,Low
STU0060,22,Female,4,5.82,59.47,64.55,58.17,79.05,69.47,76.25,78.15,67.11,77.26,3,9,5,59.09,75.68,4,6,2,75.4,91.43,Yes,Information Technology,92.58,66.15,71.29,49.95,Medium
STU0061,20,Male,4,8.18,83.86,79.83,79.8,99.58,68.1,71.92,61.64,64.66,81.98,2,6,9,100.0,77.77,4,6,8,85.09,80.01,Undecided,Information Technology,83.41,76.86,74.1,65.56,Medium
STU0062,24,Other,3,9.05,92.23,45.12,71.16,53.04,83.08,83.74,80.79,81.45,82.06,3,7,3,59.14,74.42,13,9,2,67.39,57.81,Yes,Information Technology,58.53,76.64,69.66,61.44,Medium
STU0063,22,Female,1,5.85,61.4,78.57,73.44,62.3,56.25,60.32,61.97,64.24,66.93,4,16,5,80.9,100.0,6,8,6,70.12,73.74,Undecided,Finance,69.39,60.43,76.89,39.12,Low
STU0064,18,Male,3,6.1,67.67,59.55,74.24,60.68,73.39,54.29,67.93,82.16,59.8,4,15,3,48.33,72.53,6,8,4,63.72,73.99,Yes,Manufacturing,56.9,57.79,69.25,42.7,Medium
STU0065,24,Male,4,8.42,90.63,74.0,83.85,72.84,62.48,63.61,60.37,72.23,73.38,1,6,3,72.51,72.61,8,6,3,50.44,71.61,Yes,Finance,51.86,63.72,53.71,45.57,Medium
STU0066,19,Male,4,7.53,82.91,66.78,67.18,74.37,73.84,77.3,69.45,65.74,78.4,2,6,4,56.84,50.79,11,2,9,84.17,76.44,No,Education,98.52,80.86,65.92,69.01,Medium
STU0067,21,Male,1,7.86,73.84,87.17,97.5,74.03,69.16,81.28,74.89,79.42,78.67,3,13,6,81.24,66.18,1,4,4,55.75,72.61,No,Consulting,63.36,75.01,79.69,59.47,Medium
STU0068,18,Male,1,7.61,76.5,58.63,69.71,79.8,71.21,60.33,69.34,63.27,81.75,4,17,2,56.08,55.11,3,4,6,46.45,73.3,No,Research,59.48,54.98,72.41,51.45,Medium
STU0069,21,Male,1,7.67,87.39,78.16,79.58,63.84,62.85,78.55,71.15,79.66,78.4,4,15,4,74.02,68.05,7,6,3,62.98,92.66,Undecided,Finance,74.82,67.79,63.15,71.08,High
STU0070,23,Male,4,5.61,66.75,66.37,75.94,51.11,63.37,62.04,86.02,74.55,58.24,1,4,3,62.18,71.04,4,10,8,44.82,80.86,Undecided,Government,64.26,75.96,61.13,41.49,Medium
STU0071,19,Male,4,8.46,76.53,67.94,74.35,80.43,73.73,76.8,61.42,64.84,80.75,1,4,1,47.17,53.18,6,6,3,63.94,82.16,Yes,Consulting,75.46,73.45,57.24,56.33,Medium
STU0072,19,Female,2,8.6,89.86,67.61,80.07,46.44,82.27,71.92,72.97,78.34,92.88,3,6,3,43.88,57.88,6,7,4,63.11,85.01,Yes,Government,66.61,77.49,65.74,58.21,Medium
STU0073,18,Male,3,6.92,58.43,59.01,81.94,62.41,62.22,69.82,49.11,78.56,77.1,3,8,4,61.31,69.57,2,4,2,68.63,56.44,Undecided,Consulting,76.25,66.84,81.98,47.07,Medium
STU0074,19,Female,4,7.15,74.68,69.82,70.36,100.0,58.71,75.34,73.51,85.89,75.43,1,5,4,47.09,56.64,9,7,5,62.83,59.39,Undecided,Consulting,59.47,61.26,44.58,36.55,Low
STU0075,22,Male,4,5.36,71.52,69.19,68.63,69.93,77.97,62.82,56.1,83.59,84.51,0,1,4,68.76,60.29,7,4,4,70.83,77.8,Yes,Education,62.14,72.76,53.27,35.87,Low
STU0076,19,Other,3,7.82,73.74,73.14,74.65,61.02,69.58,64.51,64.63,77.9,100.0,3,11,9,82.77,78.29,6,6,5,98.13,75.8,Undecided,Research,76.05,76.33,79.87,58.74,Medium
STU0077,21,Male,3,7.89,75.17,71.1,81.88,70.53,80.8,78.21,71.11,58.47,69.89,1,4,11,98.61,84.27,2,9,2,32.56,58.25,No,Healthcare,49.95,70.79,76.0,43.24,Medium
STU0078,21,Male,3,7.13,79.52,80.37,66.95,75.7,58.22,90.21,77.5,100.0,71.03,1,7,4,64.04,46.91,7,4,7,92.93,80.83,Yes,Government,91.57,77.23,61.79,67.82,Medium
STU0079,24,Female,2,8.55,76.15,82.01,62.83,78.71,46.87,52.46,51.45,55.16,62.92,1,4,4,73.23,56.79,4,4,3,48.43,62.1,Undecided,Manufacturing,64.13,55.5,45.36,39.82,Low
STU0080,21,Female,3,6.8,66.77,56.34,59.03,69.61,63.07,88.78,67.7,83.39,79.02,1,4,2,43.4,60.06,1,2,1,76.77,67.24,Yes,Information Technology,82.04,56.49,49.41,20.38,Low
STU0081,24,Female,3,7.88,85.1,81.29,68.29,66.32,60.04,87.06,90.71,77.18,63.5,3,12,5,75.5,82.76,5,6,2,89.06,77.45,No,Education,73.37,68.62,72.78,64.63,Medium
STU0082,21,Male,4,5.98,59.38,54.58,56.95,78.89,68.98,70.07,73.18,57.91,64.68,2,10,6,70.58,68.94,8,3,2,67.11,50.7,No,Healthcare,72.15,77.21,72.67,28.41,Low
STU0083,22,Male,3,7.17,72.88,77.64,79.47,77.15,61.72,64.79,59.37,70.51,75.08,0,2,3,62.7,44.65,8,1,6,73.04,59.75,Yes,Manufacturing,72.27,60.15,59.59,41.58,Medium
STU0084,25,Female,4,6.99,78.12,78.06,70.34,82.2,79.63,68.91,69.02,71.05,87.47,0,3,4,70.46,61.06,4,4,6,81.03,74.44,No,Government,75.28,77.46,59.0,49.82,Medium
STU0085,24,Female,1,7.47,80.18,45.15,51.97,50.55,66.25,69.13,88.5,87.67,91.16,1,5,2,36.18,36.38,7,4,3,85.7,72.19,No,Education,73.6,71.77,59.95,35.39,Low
STU0086,20,Female,3,6.76,72.71,71.21,73.05,84.03,71.96,58.31,63.58,63.44,77.26,3,8,6,65.6,81.06,6,9,1,52.43,72.13,Yes,Healthcare,57.37,57.63,71.43,42.42,Medium
STU0087,23,Female,1,7.04,70.99,63.91,75.51,64.58,72.05,71.66,62.82,68.86,51.04,0,0,8,93.84,77.75,6,3,5,76.28,76.02,No,Research,79.67,67.42,62.67,52.42,Medium
STU0088,18,Male,2,8.19,86.3,60.14,58.71,67.85,72.53,87.61,68.58,43.97,76.69,2,4,6,58.73,54.73,2,6,6,69.08,73.62,No,Information Technology,72.34,61.46,72.33,40.71,Medium
STU0089,21,Female,4,6.68,69.25,87.56,85.2,70.83,69.69,65.25,61.67,92.82,83.43,0,2,6,97.98,90.08,10,6,2,77.44,63.61,Undecided,Healthcare,59.39,59.79,70.55,52.74,Medium
STU0090,19,Male,4,5.27,60.63,61.5,70.43,55.86,76.64,72.08,65.25,59.15,66.27,1,6,6,70.42,49.19,3,2,2,77.35,71.28,Undecided,Healthcare,72.65,77.13,51.48,25.97,Low
STU0091,25,Male,1,9.3,90.22,59.52,80.99,71.62,59.66,49.84,45.0,75.92,63.78,1,5,5,59.03,52.72,9,1,2,69.09,60.89,Yes,Information Technology,64.42,58.71,63.0,31.28,Low
STU0092,21,Male,2,8.86,88.46,70.98,87.65,66.6,88.19,83.43,65.76,70.78,70.2,0,3,2,61.73,47.56,6,7,6,70.16,59.73,No,Consulting,75.75,85.99,44.66,50.6,Medium
STU0093,19,Female,4,5.65,53.92,78.91,87.0,66.86,66.93,72.76,60.25,70.82,54.62,3,11,2,53.12,63.21,9,5,3,78.12,79.05,Yes,Consulting,80.26,76.99,68.16,36.18,Low
STU0094,23,Male,2,8.03,82.02,68.16,71.53,63.06,52.95,64.46,70.9,81.72,60.09,2,8,1,51.56,71.87,9,5,5,63.3,62.2,Yes,Education,62.29,59.18,72.42,48.17,Medium
STU0095,23,Male,3,6.6,63.72,85.16,76.5,85.83,72.44,70.43,66.19,92.06,74.89,4,18,5,84.75,87.28,9,10,5,81.37,69.23,No,Healthcare,70.31,77.89,83.27,66.24,Medium
STU0096,23,Female,4,7.52,69.88,76.9,70.73,68.0,58.93,63.59,62.5,75.02,64.78,0,2,3,67.62,43.73,6,8,3,58.92,47.42,Yes,Information Technology,59.99,44.55,61.67,27.7,Low
STU0097,19,Male,3,7.55,79.76,41.68,61.69,53.75,78.65,80.41,91.05,79.86,100.0,1,2,6,68.0,59.29,6,5,6,99.75,85.73,Undecided,Education,85.45,82.9,62.57,56.64,Medium
STU0098,21,Female,1,6.92,73.77,63.12,81.49,66.87,98.72,84.14,97.67,75.95,72.09,1,6,3,62.33,62.56,7,4,3,77.34,85.17,Undecided,Information Technology,69.44,92.25,46.07,49.11,Medium
STU0099,23,Male,2,6.26,71.82,62.7,57.59,47.31,59.77,70.05,64.07,84.21,87.04,3,13,3,57.27,71.12,6,3,4,73.81,51.74,No,Finance,68.79,54.77,74.56,22.18,Low
STU0100,22,Male,4,6.37,64.31,76.23,64.92,59.22,74.32,75.59,65.47,66.45,53.32,1,5,6,83.17,76.49,6,4,2,61.48,44.45,No,Government,57.68,68.17,80.5,38.26,Low
STU0101,24,Female,3,6.1,67.76,35.88,65.88,55.1,47.18,72.47,54.79,84.9,69.42,2,8,8,63.98,63.49,12,6,5,68.23,72.93,Undecided,Education,69.94,62.05,67.2,26.62,Low
STU0102,19,Male,1,6.2,69.66,100.0,92.54,79.63,75.9,80.92,83.61,85.33,75.85,1,6,4,86.67,73.66,6,4,4,76.45,72.42,Yes,Finance,75.24,64.53,65.82,56.03,Medium
STU0103,19,Male,4,7.12,77.19,76.9,73.72,84.86,58.49,68.25,64.05,84.99,69.34,0,1,5,70.67,51.84,8,3,4,88.61,69.28,Yes,Consulting,82.96,78.89,56.64,48.33,Medium
STU0104,21,Male,1,6.34,61.28,71.94,75.66,81.24,61.88,83.03,67.89,64.08,61.87,5,13,4,66.6,75.17,4,6,6,52.81,59.95,Yes,Government,50.57,66.83,74.67,44.38,Medium
STU0105,19,Male,4,8.02,83.23,85.36,85.27,86.14,55.68,69.26,56.4,69.98,73.16,2,7,6,77.37,56.53,7,5,3,49.85,61.37,No,Healthcare,53.13,60.75,76.79,51.97,Medium
STU0106,19,Other,2,8.98,93.37,100.0,100.0,100.0,79.52,88.83,69.73,74.87,78.04,4,18,3,74.85,94.6,5,3,3,63.08,44.09,Undecided,Government,69.15,58.25,84.35,80.42,High
STU0107,23,Male,4,6.5,68.55,81.32,76.18,75.9,83.09,83.46,81.82,55.55,82.35,3,14,5,81.89,60.67,4,5,7,63.97,58.34,Yes,Government,72.0,65.76,74.79,55.4,Medium
STU0108,21,Female,2,7.49,62.8,82.33,82.23,83.77,70.3,53.22,48.42,91.14,77.73,2,11,3,55.88,61.89,5,1,5,63.36,57.08,Yes,Research,77.75,64.66,59.25,46.38,Medium
STU0109,23,Male,2,7.8,81.32,71.7,96.86,65.59,58.76,79.49,82.45,71.85,79.33,0,1,7,79.54,60.91,6,3,7,77.17,72.1,Undecided,Healthcare,80.51,75.84,67.99,54.87,Medium
STU0110,24,Female,1,7.77,95.42,68.16,83.85,94.01,90.66,82.15,73.01,75.41,85.88,3,14,4,65.21,59.28,4,4,6,73.5,69.09,Undecided,Research,77.19,77.08,59.38,68.88,Medium
STU0111,25,Female,2,7.29,73.09,63.81,69.69,86.93,60.24,66.59,64.57,65.08,75.62,1,4,6,75.82,70.34,5,7,2,66.54,36.29,No,Healthcare,57.04,59.09,83.61,26.95,Low
STU0112,24,Female,4,8.09,77.71,59.26,74.65,64.71,41.89,61.66,44.01,56.08,68.28,2,5,6,68.41,50.86,3,3,5,90.43,63.65,Yes,Research,67.49,57.72,61.87,42.34,Medium
STU0113,25,Male,4,7.78,82.63,61.07,68.48,69.45,75.96,70.73,71.6,64.75,70.46,3,15,3,52.92,58.37,5,4,4,100.0,83.76,Yes,Education,94.08,92.66,64.56,55.96,Medium
STU0114,23,Male,2,5.71,63.58,52.44,79.95,74.43,55.64,67.31,61.53,74.63,71.14,4,10,4,65.44,84.82,2,7,2,78.21,71.45,Undecided,Government,74.63,59.96,69.57,32.83,Low
STU0115,24,Male,2,8.24,92.51,69.01,79.87,68.48,82.85,71.36,73.09,80.08,91.81,3,12,11,100.0,69.99,0,6,4,76.66,78.48,Yes,Manufacturing,65.1,79.02,93.12,67.26,Medium
STU0116,21,Female,4,8.26,75.53,48.1,60.9,51.89,65.05,82.02,90.63,73.94,83.75,3,9,7,73.56,80.59,5,4,6,71.14,77.14,Undecided,Education,78.08,77.07,78.17,50.46,Medium
STU0117,18,Female,4,6.28,71.64,72.48,66.0,80.6,77.85,73.9,75.46,76.16,70.76,1,6,3,70.36,70.3,4,2,5,53.26,62.59,Undecided,Education,68.72,63.62,69.25,46.77,Medium
STU0118,23,Female,3,7.25,79.38,69.53,82.85,71.03,88.22,75.87,67.07,67.96,80.08,2,4,2,43.63,65.18,4,6,4,84.86,62.97,No,Manufacturing,69.6,77.49,53.19,41.17,Medium
STU0119,25,Male,2,8.02,81.18,71.91,82.71,73.38,54.28,55.18,52.35,77.95,75.05,0,2,4,71.56,57.37,6,7,1,66.48,50.4,Undecided,Education,59.94,53.04,66.93,37.62,Low
STU0120,22,Female,2,6.95,74.92,63.21,65.69,58.42,62.64,70.88,75.61,89.79,78.46,3,13,11,100.0,74.61,5,3,4,69.13,58.71,Yes,Consulting,69.23,55.69,76.04,51.13,Medium
STU0121,25,Female,3,8.49,93.62,100.0,97.38,69.82,69.02,72.93,86.36,80.46,77.64,5,11,7,78.36,76.44,0,4,4,72.05,76.45,Undecided,Finance,67.95,63.39,90.19,81.24,High
STU0122,22,Male,1,10.0,100.0,87.68,77.39,82.59,89.99,84.38,83.41,81.71,82.88,1,4,4,80.02,57.97,8,3,5,51.98,68.48,No,Manufacturing,61.33,82.2,59.68,73.12,High
STU0123,19,Male,3,6.26,58.34,53.82,61.12,70.65,61.44,57.38,71.71,75.53,80.15,0,2,4,63.56,20.0,8,8,3,89.75,62.75,Yes,Manufacturing,78.95,60.0,34.75,21.24,Low
STU0124,24,Female,2,5.54,65.6,73.03,74.45,69.91,62.27,52.01,69.09,53.96,64.98,2,9,6,81.35,69.77,6,3,3,82.61,73.7,Undecided,Government,83.59,65.86,66.15,31.69,Low
STU0125,22,Female,4,7.56,77.59,62.1,83.76,80.52,76.22,80.55,92.28,59.46,71.21,4,19,8,79.31,79.57,6,7,3,57.7,67.47,Undecided,Research,64.51,60.31,70.72,46.57,Medium
STU0126,25,Female,1,8.07,83.14,56.81,63.5,56.21,62.5,82.97,49.27,77.46,64.31,2,11,4,65.98,64.15,7,7,5,54.35,69.15,No,Finance,67.35,57.67,63.56,42.38,Medium
STU0127,19,Male,3,6.92,72.79,52.58,53.91,50.37,71.98,62.13,75.75,71.87,69.25,0,3,7,67.56,49.62,9,4,2,58.19,68.31,Undecided,Manufacturing,63.65,65.27,65.46,22.21,Low
STU0128,18,Female,3,8.94,89.41,75.62,73.16,72.92,49.83,78.32,79.67,77.28,77.31,5,23,9,80.7,89.05,3,4,7,58.0,69.8,Undecided,Government,66.54,59.34,100.0,78.84,High
STU0129,21,Male,3,5.59,68.65,61.14,55.85,64.8,98.79,87.29,67.18,92.12,69.2,4,16,5,66.29,76.31,5,5,2,53.14,54.96,Undecided,Manufacturing,60.65,82.34,94.93,53.18,Medium
STU0130,21,Male,1,8.03,81.68,82.58,91.44,85.12,52.48,63.55,52.73,80.71,78.0,1,4,6,84.3,50.12,6,2,4,74.71,69.88,No,Finance,55.79,69.23,60.05,58.77,Medium
STU0131,21,Male,3,6.47,60.39,82.92,85.84,69.86,65.82,65.64,57.22,87.11,68.41,5,11,2,67.14,84.66,4,8,2,74.55,75.24,No,Information Technology,70.16,74.27,80.75,52.45,Medium
STU0132,22,Female,3,9.26,90.59,87.86,88.81,94.0,69.58,57.47,56.76,73.14,79.37,2,8,4,71.96,65.57,5,6,8,51.32,76.55,No,Information Technology,72.82,70.48,68.25,59.11,Medium
STU0133,18,Female,3,9.59,97.56,58.92,85.43,84.08,94.86,92.56,78.33,62.31,78.93,2,8,4,61.21,44.23,6,6,3,100.0,76.94,No,Research,72.75,77.99,44.41,70.02,High
STU0134,22,Female,3,6.28,75.12,76.18,76.64,73.51,52.78,55.99,63.7,71.31,64.08,2,9,8,94.78,83.86,12,7,5,54.96,75.71,Yes,Consulting,68.99,60.36,72.95,56.07,Medium
STU0135,24,Male,3,6.54,73.08,78.22,75.02,87.52,95.79,75.31,88.69,62.34,65.69,4,11,7,79.71,77.9,6,6,5,39.66,77.45,Undecided,Research,69.65,81.59,74.72,79.56,High
STU0136,22,Female,4,8.23,78.12,63.84,68.41,56.55,79.84,85.85,90.98,90.7,80.25,3,15,9,82.85,82.5,7,7,3,79.62,94.46,No,Information Technology,91.85,92.18,70.49,75.56,High
STU0137,18,Male,2,6.74,88.06,59.97,70.32,75.74,75.42,55.11,56.09,81.48,90.92,0,0,8,93.94,62.13,3,1,3,69.81,90.88,Yes,Finance,84.05,83.13,61.06,42.54,Medium
STU0138,18,Female,4,7.15,76.2,90.92,70.2,92.48,57.2,50.5,49.84,78.25,77.46,5,17,5,74.6,67.04,4,8,4,64.19,97.62,Yes,Healthcare,90.17,65.42,67.83,69.91,Medium
STU0139,24,Male,3,7.23,84.0,72.96,79.35,80.76,77.42,74.66,89.28,86.83,74.49,1,2,5,77.87,64.65,8,3,6,72.05,85.71,Yes,Research,85.97,80.44,64.35,54.6,Medium
STU0140,18,Male,1,4.9,53.04,78.27,68.46,74.89,60.59,70.2,75.48,47.76,61.48,3,14,8,98.27,87.27,7,2,4,69.28,40.53,Yes,Education,57.67,54.59,70.66,32.27,Low
STU0141,25,Male,1,7.18,78.35,59.31,75.07,35.08,86.47,83.76,79.93,79.06,91.51,3,13,9,87.44,89.68,6,10,4,80.48,73.29,No,Government,81.89,87.73,75.92,69.06,Medium
STU0142,18,Male,2,6.37,73.21,54.15,65.74,55.37,57.38,62.8,70.01,56.27,75.75,1,4,6,71.06,68.61,9,5,6,66.98,55.76,Undecided,Manufacturing,54.97,55.33,49.05,31.97,Low
STU0143,21,Female,4,6.61,78.02,62.6,69.18,60.17,68.53,96.14,78.42,71.91,78.81,1,3,8,96.29,81.5,5,2,2,62.58,77.67,Yes,Government,77.17,62.44,82.45,45.89,Medium
STU0144,25,Female,3,8.93,97.77,68.39,73.03,59.83,62.78,65.97,73.08,68.26,86.23,4,10,4,53.47,77.75,8,6,8,73.24,73.51,Undecided,Finance,73.19,75.0,87.53,61.15,Medium
STU0145,25,Male,4,5.69,67.32,56.17,64.42,64.12,57.16,63.41,60.45,79.94,85.5,2,5,3,44.06,49.71,7,5,7,81.9,82.14,Yes,Education,88.15,69.85,49.37,41.73,Medium
STU0146,24,Female,3,8.18,81.41,69.87,80.84,66.24,79.64,67.87,74.89,74.74,85.6,3,13,4,70.98,66.71,2,7,3,68.54,63.53,No,Finance,70.0,76.2,63.12,49.86,Medium
STU0147,20,Male,2,6.87,67.83,48.05,51.22,50.18,76.96,75.87,55.67,88.14,80.28,2,11,6,63.55,72.31,8,2,4,69.27,85.23,Undecided,Manufacturing,82.98,80.18,70.43,43.72,Medium
STU0148,20,Female,1,6.86,74.07,55.44,66.57,51.9,85.72,84.72,70.83,64.78,79.98,3,11,8,86.3,73.64,11,4,3,89.41,60.44,No,Healthcare,77.39,71.72,71.35,57.22,Medium
STU0149,18,Female,2,8.15,89.88,78.72,83.75,68.14,46.86,73.12,57.18,80.51,70.88,2,9,5,72.1,71.14,5,4,5,70.69,76.81,Yes,Finance,71.93,62.22,57.79,47.6,Medium
STU0150,25,Female,2,7.61,76.93,77.85,71.21,86.03,83.83,62.83,66.46,73.95,60.59,1,4,6,83.91,81.66,5,0,2,48.1,45.41,No,Education,54.7,59.95,55.75,51.72,Medium
STU0151,20,Male,1,7.88,88.38,64.91,70.44,61.09,100.0,82.54,70.77,52.38,73.06,2,11,7,70.67,59.09,6,2,2,71.18,42.55,No,Consulting,51.21,64.52,54.01,43.71,Medium
STU0152,20,Female,2,8.36,95.41,56.77,75.78,58.07,64.13,73.33,63.3,60.98,77.31,4,16,5,69.77,84.19,3,0,3,70.11,67.41,Yes,Education,69.42,66.06,87.39,52.16,Medium
STU0153,18,Female,3,6.8,64.79,56.64,54.1,58.59,94.64,88.46,64.45,70.2,63.84,2,11,10,85.82,63.3,2,3,5,73.85,58.6,Yes,Manufacturing,65.63,73.93,79.39,29.23,Low
STU0154,20,Male,4,6.47,62.37,65.15,68.95,71.22,66.58,70.03,75.74,85.35,79.87,1,5,2,58.56,60.29,4,4,3,73.46,51.76,Yes,Government,56.52,68.95,52.61,55.78,Medium
STU0155,22,Male,4,5.9,62.12,78.38,64.85,79.67,52.16,68.9,64.16,77.56,53.24,5,13,6,96.35,100.0,6,8,2,70.24,47.89,Yes,Consulting,58.48,64.8,97.57,53.83,Medium
STU0156,19,Female,4,6.21,68.04,82.07,84.25,46.69,66.03,61.62,45.61,57.99,61.4,4,8,4,62.29,87.3,7,3,1,74.91,59.33,No,Information Technology,60.39,62.6,86.85,34.87,Low
STU0157,24,Female,3,10.0,96.33,63.55,96.02,77.17,83.63,93.21,71.51,70.32,75.45,0,3,8,79.41,52.91,7,6,0,51.87,62.49,Undecided,Manufacturing,49.42,62.19,46.7,46.53,Medium
STU0158,19,Female,2,8.69,97.68,55.0,67.05,76.61,59.1,76.52,73.6,96.21,73.32,5,11,2,48.23,90.03,5,6,2,100.0,59.39,Yes,Consulting,76.77,70.1,78.89,74.87,High
STU0159,18,Female,3,5.58,63.19,73.48,74.46,61.91,62.2,54.54,56.12,73.33,82.57,3,7,4,68.3,68.07,2,3,2,71.08,74.69,No,Consulting,76.66,69.41,55.4,31.8,Low
STU0160,21,Female,4,5.61,60.77,59.29,57.14,54.89,77.72,64.22,61.54,68.07,54.46,1,5,4,42.42,70.85,6,3,5,53.98,58.51,Yes,Research,49.29,69.4,52.76,22.36,Low
STU0161,24,Male,1,7.78,69.97,63.26,76.28,62.29,70.04,61.05,65.98,77.9,67.56,1,5,7,77.41,62.29,5,10,2,47.9,45.12,Undecided,Manufacturing,52.02,71.23,69.04,43.37,Medium
STU0162,18,Male,2,7.86,71.53,87.23,69.17,72.42,77.6,81.7,80.12,81.16,82.56,3,9,8,88.78,85.14,8,4,3,76.95,80.07,Undecided,Government,79.04,83.3,91.12,70.5,High
STU0163,25,Male,4,7.86,82.71,80.75,84.13,78.65,73.09,60.04,50.05,66.53,79.72,4,9,5,71.57,83.95,1,5,2,64.05,71.06,Yes,Information Technology,67.91,69.38,83.62,56.21,Medium
STU0164,21,Female,2,6.89,57.08,72.05,60.42,52.16,76.24,71.0,78.51,78.03,58.41,1,5,5,72.57,49.09,5,5,4,74.48,77.2,Undecided,Healthcare,81.4,88.64,40.05,42.29,Medium
STU0165,19,Male,3,7.05,80.54,53.47,65.59,50.23,64.38,73.52,60.22,68.05,79.75,1,4,4,61.55,69.38,5,4,4,100.0,80.32,Yes,Finance,100.0,82.0,50.95,46.62,Medium
STU0166,18,Female,3,7.59,77.2,72.75,66.51,87.4,73.01,72.19,71.3,80.63,78.82,1,2,8,88.17,68.46,3,5,2,70.39,52.91,Yes,Education,76.75,73.28,65.59,39.09,Low
STU0167,25,Female,1,7.3,98.4,83.81,93.73,68.81,57.94,68.66,66.09,74.04,100.0,3,11,5,65.72,63.73,6,7,5,86.31,87.63,Yes,Research,80.03,84.3,69.75,50.48,Medium
STU0168,24,Female,2,4.54,67.02,65.12,61.07,80.25,86.75,68.38,67.3,77.78,75.43,1,7,4,60.79,47.8,7,4,4,55.33,62.65,Yes,Finance,55.06,73.79,55.67,33.91,Low
STU0169,24,Male,2,6.92,71.01,87.56,83.67,83.71,61.75,73.74,56.96,62.89,67.45,0,0,6,78.31,50.3,6,5,4,73.93,70.23,Yes,Research,69.6,68.36,50.46,45.26,Medium
STU0170,23,Female,1,6.18,64.88,86.81,74.02,61.65,84.68,71.97,70.93,62.14,58.64,3,14,2,64.6,68.07,6,2,2,57.21,62.95,No,Finance,66.4,72.75,76.43,48.28,Medium
STU0171,25,Male,1,7.41,83.66,91.63,84.6,88.75,66.96,66.89,87.66,83.35,72.59,4,10,6,74.34,68.06,5,8,7,52.65,77.34,No,Education,66.05,65.21,75.86,62.15,Medium
STU0172,22,Female,4,10.0,100.0,73.97,84.47,71.51,72.63,75.06,56.09,71.05,73.88,2,5,7,82.44,61.81,9,6,4,72.84,52.21,Yes,Information Technology,66.4,64.7,59.14,70.46,High
STU0173,20,Male,2,7.64,67.29,77.64,67.39,70.15,63.57,69.64,88.57,75.42,83.52,2,4,4,80.04,51.73,0,9,1,92.24,68.86,Yes,Education,81.3,65.12,60.25,60.08,Medium
STU0174,21,Male,3,6.82,58.88,88.38,77.06,83.06,56.79,65.8,62.11,68.32,66.27,2,7,7,64.65,54.77,5,4,2,84.5,64.04,Yes,Government,75.98,73.43,82.86,48.54,Medium
STU0175,25,Female,2,8.31,80.44,75.82,89.52,78.45,47.32,53.79,59.08,82.78,83.08,2,6,3,60.18,74.72,11,5,1,100.0,86.84,Undecided,Information Technology,92.24,78.4,75.17,61.49,Medium
STU0176,23,Male,4,7.78,84.1,63.48,66.78,73.99,56.28,62.33,50.84,64.71,87.48,5,20,7,61.34,91.55,5,5,5,69.22,86.57,Yes,Research,83.02,64.06,88.73,64.11,Medium
STU0177,20,Male,2,7.7,82.78,64.17,82.22,79.08,65.79,69.63,59.56,70.37,53.86,3,9,2,52.46,66.68,3,10,4,75.09,72.21,Yes,Information Technology,76.51,69.85,66.96,54.11,Medium
STU0178,20,Female,2,7.93,88.86,73.1,90.98,76.29,72.75,58.99,60.8,81.43,92.04,1,6,3,67.27,78.97,6,3,3,79.98,55.86,Yes,Manufacturing,62.87,66.58,55.99,47.56,Medium
STU0179,18,Female,4,9.67,88.63,53.22,63.44,47.51,83.13,72.78,61.71,86.08,82.34,2,9,5,59.54,72.96,5,4,3,71.72,60.2,Yes,Government,74.83,76.59,63.5,43.86,Medium
STU0180,20,Female,4,5.84,46.35,68.14,50.25,64.74,64.21,72.77,67.01,65.71,64.85,2,10,4,71.26,69.85,9,7,6,83.31,50.9,No,Healthcare,77.94,70.14,61.6,39.85,Low
STU0181,22,Female,1,7.77,85.94,84.26,85.41,100.0,58.53,53.56,56.49,95.52,76.28,3,15,5,85.38,82.59,10,8,6,61.9,78.82,Yes,Consulting,69.41,62.6,77.33,66.14,Medium
STU0182,24,Female,4,6.09,59.01,41.51,49.95,62.08,51.24,74.62,89.14,75.76,61.59,2,7,6,67.74,64.98,7,5,5,59.62,60.15,Yes,Manufacturing,65.04,55.92,57.2,31.61,Low
STU0183,23,Male,3,7.87,66.7,89.95,93.77,100.0,76.24,87.0,63.52,59.48,70.59,4,16,4,67.36,63.35,4,7,3,62.3,74.92,Undecided,Research,65.99,69.77,76.46,79.95,High
STU0184,20,Male,3,6.1,65.92,84.59,76.42,92.48,87.98,67.14,74.73,76.43,92.46,3,9,7,88.89,75.89,7,5,5,54.88,58.61,Undecided,Healthcare,54.78,67.13,71.53,48.85,Medium
STU0185,18,Male,1,6.7,75.85,64.02,63.94,69.63,86.46,92.48,84.96,67.4,80.8,2,9,5,80.85,43.39,5,6,6,44.78,60.7,Undecided,Information Technology,51.82,70.14,57.77,45.69,Medium
STU0186,22,Female,1,6.85,70.8,77.06,65.28,77.4,79.23,74.22,60.94,77.21,84.33,4,16,7,71.32,66.58,6,5,3,67.68,60.91,Undecided,Consulting,62.67,57.95,77.61,44.42,Medium
STU0187,19,Female,4,8.37,82.13,70.04,83.98,70.16,78.3,79.42,83.61,71.49,73.46,3,9,7,88.38,92.23,2,4,5,36.48,41.81,No,Consulting,56.15,59.24,97.45,69.44,Medium
STU0188,24,Male,3,8.3,83.58,85.99,78.38,61.92,92.07,76.46,73.0,72.89,70.72,4,8,3,54.79,71.69,3,10,2,63.98,45.11,Undecided,Manufacturing,59.06,82.32,61.98,56.01,Medium
STU0189,24,Male,2,5.71,58.8,82.77,73.18,77.7,74.32,82.67,45.61,61.06,56.87,5,11,4,56.83,67.07,5,8,3,38.98,74.39,No,Finance,52.86,68.41,68.35,40.94,Medium
STU0190,23,Female,4,7.27,65.99,51.8,69.05,72.6,78.4,79.34,83.29,83.88,68.87,1,4,7,63.26,61.57,10,3,5,94.02,70.3,Undecided,Education,80.22,73.19,58.84,45.02,Medium
STU0191,24,Male,4,6.35,62.15,77.63,67.81,68.7,65.83,61.48,52.57,58.13,45.72,1,7,6,76.86,67.79,9,2,3,64.0,70.88,Undecided,Education,73.26,60.97,60.18,35.14,Low
STU0192,20,Female,1,5.69,64.86,67.33,67.63,73.15,52.29,51.88,46.66,58.69,58.78,4,16,5,78.67,95.89,10,6,3,27.83,77.05,No,Education,64.66,50.15,65.96,38.62,Low
STU0193,18,Female,3,6.94,74.71,71.08,73.0,79.61,61.11,52.9,70.05,76.41,69.03,4,12,3,43.79,84.3,10,4,6,70.46,67.52,Undecided,Research,74.13,61.7,83.09,58.21,Medium
STU0194,24,Female,1,6.83,72.65,60.53,73.13,56.19,69.88,73.33,66.97,91.23,76.22,5,12,6,79.1,94.45,10,6,4,73.98,73.5,Yes,Healthcare,73.85,75.27,78.89,72.8,High
STU0195,24,Male,4,10.0,93.03,92.73,94.01,78.49,70.79,77.58,83.86,67.77,79.08,0,1,6,81.23,42.35,8,2,5,60.98,69.23,Yes,Education,78.76,62.72,57.55,60.25,Medium
STU0196,19,Female,3,7.72,78.21,83.52,78.2,67.76,95.04,89.28,97.53,80.41,79.76,3,9,6,70.41,93.97,6,3,6,94.2,83.31,No,Healthcare,85.01,92.2,82.63,75.26,High
STU0197,19,Female,4,5.55,44.71,60.38,58.33,56.99,71.06,70.8,62.81,84.88,65.98,1,3,5,70.87,72.88,6,6,3,78.84,73.49,No,Healthcare,74.23,71.94,54.68,26.95,Low
STU0198,21,Female,1,6.52,69.93,52.65,60.19,48.08,85.32,66.82,82.24,81.78,68.78,2,7,3,49.63,65.34,6,8,4,66.3,54.21,Undecided,Government,55.74,73.45,61.48,37.08,Low
STU0199,22,Female,1,8.43,95.87,64.99,65.98,58.74,64.34,62.13,56.76,68.27,61.37,1,3,4,80.82,63.16,5,3,5,77.9,57.8,Undecided,Consulting,66.0,70.73,69.25,42.74,Medium
STU0200,20,Female,2,9.71,87.07,75.65,81.58,87.8,65.95,81.2,99.7,58.91,67.97,1,3,6,80.47,47.69,5,6,3,93.24,73.29,No,Healthcare,74.49,77.24,43.74,53.69,Medium
STU0201,24,Female,2,5.3,53.6,73.12,81.8,63.06,52.72,58.88,53.47,45.51,48.66,0,2,8,86.04,53.82,5,7,3,51.78,73.12,Yes,Finance,54.76,68.7,57.81,25.15,Low
STU0202,25,Male,2,4.94,56.76,86.29,66.63,80.72,60.35,68.59,79.41,68.85,69.72,3,11,1,60.39,66.65,3,3,1,57.69,66.39,Yes,Research,63.63,70.06,70.02,33.91,Low
STU0203,24,Female,4,9.45,100.0,80.27,79.94,71.12,76.85,63.83,79.68,86.14,94.03,2,8,3,73.84,62.53,4,4,5,70.38,55.47,No,Consulting,62.64,64.75,73.5,74.12,High
STU0204,18,Female,2,7.67,75.89,82.6,71.77,89.22,70.1,74.91,75.54,58.51,77.56,0,1,4,80.44,68.11,4,5,6,44.88,68.46,No,Information Technology,67.59,76.06,47.2,44.2,Medium
STU0205,21,Male,2,6.16,60.59,74.25,75.42,85.95,82.26,72.44,65.87,80.4,77.14,2,9,8,93.41,73.6,4,9,9,74.29,81.53,Yes,Finance,79.1,78.88,75.23,52.97,Medium
STU0206,22,Female,4,7.84,66.78,51.94,65.33,69.21,72.36,83.03,73.33,60.6,65.35,1,5,7,84.19,56.91,8,4,3,94.71,75.53,Yes,Information Technology,88.9,80.2,70.91,52.45,Medium
STU0207,25,Female,2,4.04,47.08,67.46,60.57,72.16,65.42,77.17,45.52,73.27,58.76,5,22,5,78.24,91.3,6,5,5,68.1,70.06,No,Finance,73.48,72.92,88.89,52.1,Medium
STU0208,21,Female,4,7.2,89.09,83.78,76.54,75.77,97.93,79.11,82.86,80.49,73.6,2,8,9,100.0,68.71,7,11,4,46.24,62.26,Undecided,Healthcare,50.04,67.43,81.11,63.61,Medium
STU0209,23,Male,1,7.59,80.25,69.33,75.03,58.21,68.78,69.68,73.78,64.09,58.75,2,9,3,56.11,43.13,6,6,4,82.03,71.41,Yes,Information Technology,75.48,82.83,61.4,54.86,Medium
STU0210,22,Male,3,8.31,84.63,76.54,66.55,93.53,85.12,72.79,76.36,74.05,85.76,4,12,9,100.0,94.09,3,5,2,94.66,66.16,No,Consulting,83.71,82.99,82.33,73.61,High
STU0211,24,Other,1,5.98,66.07,65.86,68.91,60.63,64.78,54.96,27.75,67.02,66.66,3,14,7,74.62,72.12,4,9,3,29.18,48.98,No,Education,33.08,61.55,79.86,31.86,Low
STU0212,24,Female,1,7.3,75.62,56.61,73.91,69.77,79.22,67.07,56.09,80.46,64.39,3,10,5,66.92,71.34,2,5,5,77.98,53.81,No,Finance,56.56,71.78,75.92,56.38,Medium
STU0213,22,Male,4,6.09,59.12,68.4,56.46,80.22,82.06,78.91,67.16,74.82,60.7,3,9,8,80.93,89.13,6,3,7,79.71,82.12,Undecided,Information Technology,80.92,74.28,74.64,57.66,Medium
STU0214,24,Female,1,7.51,83.35,74.02,65.22,67.16,72.71,75.97,76.27,72.68,68.17,5,11,4,71.3,86.03,4,2,2,77.16,70.99,Yes,Education,72.85,76.79,82.34,70.63,High
STU0215,20,Female,3,6.13,66.75,61.48,78.66,76.19,39.39,59.21,62.04,90.7,75.96,1,5,6,81.75,69.39,7,4,5,73.52,87.31,Undecided,Manufacturing,54.26,56.38,72.47,37.66,Low
STU0216,22,Female,2,6.71,70.51,66.94,64.91,76.46,70.24,68.59,67.52,79.95,83.27,5,18,4,60.17,79.24,10,1,1,71.79,68.25,Yes,Government,58.63,67.67,88.14,63.59,Medium
STU0217,21,Female,2,6.01,57.26,57.79,70.13,81.06,86.0,88.03,87.93,63.72,61.03,4,10,5,53.93,78.67,4,7,3,66.08,62.21,No,Healthcare,59.66,58.57,70.4,52.76,Medium
STU0218,22,Male,4,7.98,90.94,84.55,83.64,73.81,76.86,75.22,61.23,70.97,57.85,3,15,4,77.68,52.75,9,2,6,92.21,84.14,Yes,Finance,89.45,89.6,71.62,66.38,Medium
STU0219,25,Male,1,8.23,88.72,66.17,74.53,55.53,75.8,81.14,82.67,71.09,75.68,3,15,4,71.44,63.83,3,4,7,71.35,70.79,Undecided,Finance,68.41,69.98,80.28,56.22,Medium
STU0220,24,Male,3,6.92,68.41,88.89,82.45,75.83,47.61,43.69,60.89,72.96,69.43,3,11,2,73.63,68.59,6,4,5,100.0,73.29,Yes,Consulting,93.69,67.59,67.15,60.17,Medium
STU0221,20,Female,4,7.25,82.26,89.87,77.16,83.52,60.63,30.0,58.19,100.0,81.77,0,0,6,88.61,55.65,8,2,9,84.2,58.57,No,Consulting,68.32,68.0,72.85,45.72,Medium
STU0222,20,Male,3,5.46,55.66,68.95,66.57,70.5,75.35,76.75,71.52,76.45,61.77,1,4,8,91.47,59.67,5,6,5,71.66,73.96,Undecided,Manufacturing,69.24,76.86,59.4,40.95,Medium
STU0223,23,Male,4,6.84,66.09,56.89,60.68,59.36,75.33,59.65,89.68,47.57,64.36,5,16,5,59.17,77.85,7,5,0,56.23,59.67,No,Information Technology,77.38,59.22,75.84,46.46,Medium
STU0224,21,Male,1,7.14,68.94,42.88,47.86,36.49,85.79,76.48,82.13,65.49,69.37,2,9,9,85.9,70.0,7,6,5,78.44,85.4,Undecided,Finance,86.12,73.07,77.38,40.98,Medium
STU0225,19,Female,2,10.0,87.6,50.86,71.25,64.68,68.12,67.63,57.08,48.81,70.08,2,7,5,79.98,68.17,5,5,4,57.48,77.57,Undecided,Finance,75.4,74.5,78.57,54.52,Medium
STU0226,19,Female,2,5.87,66.13,52.14,59.5,80.4,75.28,89.75,81.21,68.04,72.27,3,12,2,43.83,62.54,5,3,5,60.14,69.52,Yes,Government,61.2,66.58,62.47,34.09,Low
STU0227,22,Male,4,8.96,77.82,87.92,80.54,85.0,70.21,75.59,81.04,48.15,62.81,2,10,4,61.03,66.39,5,4,2,64.55,49.13,No,Finance,59.56,66.76,48.17,54.54,Medium
STU0228,23,Male,4,8.4,77.0,71.51,64.45,77.42,57.17,67.39,58.82,61.54,66.03,0,0,5,71.15,45.7,9,9,9,50.8,58.76,No,Government,58.63,55.11,51.21,37.88,Low
STU0229,18,Female,2,7.54,63.33,75.06,83.67,79.01,40.67,66.67,74.57,53.75,75.71,3,14,1,58.77,61.28,5,5,2,96.4,74.96,Undecided,Government,83.02,69.94,63.15,50.9,Medium
STU0230,22,Male,3,9.31,93.19,41.13,73.14,58.59,75.6,77.7,78.68,76.61,85.63,3,8,5,61.13,76.68,8,3,5,51.95,72.16,Yes,Finance,64.8,65.33,68.49,55.49,Medium
STU0231,23,Male,1,7.65,77.8,54.43,74.44,71.25,72.26,67.94,41.73,72.01,81.28,1,3,4,73.32,50.91,12,4,4,74.08,78.51,No,Manufacturing,76.91,75.0,68.52,36.6,Low
STU0232,21,Male,3,7.67,76.74,81.53,76.1,80.8,61.96,78.6,74.6,75.64,85.59,5,13,6,71.65,75.58,5,8,4,58.05,58.98,Yes,Government,60.45,64.86,71.45,69.41,Medium
STU0233,21,Male,3,7.14,66.96,73.73,57.78,69.42,48.95,50.93,53.19,70.75,74.39,1,6,4,53.68,44.74,6,11,3,48.55,36.99,Undecided,Healthcare,48.01,50.81,50.6,18.34,Low
STU0234,21,Male,4,8.67,79.82,68.09,89.2,61.49,78.19,78.42,81.44,55.27,77.87,2,6,3,70.26,63.11,3,5,2,66.6,50.25,Yes,Finance,72.26,70.69,63.51,61.02,Medium
STU0235,21,Female,3,8.52,89.93,77.34,80.79,72.05,66.54,54.47,75.03,78.16,65.71,0,3,5,60.81,59.31,10,5,1,67.88,41.43,Yes,Manufacturing,53.99,61.73,51.27,27.31,Low
STU0236,21,Male,2,6.45,64.2,91.27,72.55,85.34,77.24,76.8,76.53,95.07,77.83,3,7,4,74.48,78.03,7,3,3,92.79,76.83,Undecided,Education,80.44,71.16,66.51,69.38,Medium
STU0237,23,Female,1,5.62,62.79,67.13,70.52,65.76,94.23,84.33,100.0,76.91,68.41,2,6,10,100.0,68.27,6,3,6,76.25,71.06,Undecided,Government,64.13,71.64,76.93,50.52,Medium
STU0238,23,Male,1,6.96,66.44,70.9,79.5,74.14,42.16,75.74,62.9,66.89,83.42,2,8,3,61.55,79.75,7,1,3,73.22,63.64,Yes,Finance,63.79,50.74,63.32,49.89,Medium
STU0239,20,Female,2,6.24,67.43,72.5,71.04,76.27,60.91,51.76,68.84,54.86,73.41,4,9,4,59.79,65.96,10,4,7,81.43,82.28,No,Information Technology,77.1,66.97,65.1,59.18,Medium
STU0240,25,Female,2,7.12,83.2,100.0,99.35,95.33,67.28,64.27,76.97,61.1,66.78,0,0,4,85.18,42.86,4,4,1,65.79,56.43,No,Manufacturing,65.12,70.36,52.36,61.34,Medium
STU0241,19,Male,4,8.68,92.22,42.71,75.16,68.32,88.91,88.24,79.94,77.44,83.86,4,17,4,56.31,89.77,8,4,7,60.84,89.53,No,Information Technology,79.57,66.46,70.7,75.15,High
STU0242,24,Female,3,6.65,66.96,78.88,65.32,76.16,48.73,65.28,72.38,84.88,75.41,3,14,7,80.84,66.97,3,6,6,60.12,66.14,Undecided,Healthcare,71.2,60.57,65.31,41.65,Medium
STU0243,21,Male,3,7.15,76.15,68.51,67.09,56.6,95.17,84.63,74.28,75.13,78.28,5,20,4,77.13,84.74,5,6,3,59.21,44.43,No,Education,66.66,67.92,78.08,67.72,Medium
STU0244,18,Female,1,7.27,73.75,77.37,83.29,71.1,71.77,62.74,62.83,81.6,66.12,3,6,5,69.07,69.29,6,2,4,74.45,43.59,No,Information Technology,56.8,68.96,58.15,51.08,Medium
STU0245,24,Male,4,8.22,84.04,61.45,50.37,66.24,68.75,65.03,52.2,80.49,81.8,0,2,5,61.71,55.5,4,5,7,48.11,71.18,Yes,Government,55.58,73.14,66.45,29.33,Low
STU0246,23,Male,4,4.5,48.22,69.36,61.89,51.79,67.43,82.79,76.73,78.08,63.25,0,3,4,57.05,29.45,8,5,4,66.54,72.63,Undecided,Finance,62.72,69.3,46.02,24.47,Low
STU0247,18,Male,1,6.47,67.08,79.25,62.69,89.47,64.33,68.43,71.94,64.1,70.25,4,19,9,100.0,85.99,3,6,3,89.88,78.61,No,Manufacturing,95.43,79.38,86.65,65.76,Medium
STU0248,18,Other,3,7.45,78.53,100.0,83.67,88.42,83.63,81.39,91.55,74.09,68.19,4,18,7,93.42,82.7,4,7,5,74.59,57.99,No,Government,72.77,69.67,92.77,95.27,High
STU0249,18,Female,3,8.64,80.81,80.5,77.12,80.09,56.11,64.1,73.96,61.82,66.56,2,4,3,59.28,74.85,4,10,1,68.51,52.13,No,Education,70.26,56.45,66.66,53.71,Medium
STU0250,20,Female,1,6.61,62.38,58.98,60.51,78.09,74.49,61.69,64.8,72.21,79.06,3,6,6,59.13,61.22,6,4,7,62.14,87.5,Yes,Manufacturing,65.51,79.69,69.96,45.05,Medium
STU0251,23,Male,3,4.95,44.83,64.49,55.29,61.17,65.01,78.59,57.62,75.97,54.02,2,8,10,100.0,73.79,6,6,9,57.08,71.13,No,Research,65.53,77.12,77.81,23.11,Low
STU0252,18,Female,3,7.94,70.26,64.11,59.66,73.0,60.09,72.07,73.44,92.15,68.44,5,21,10,88.66,98.07,6,7,4,88.89,67.92,No,Government,82.68,74.72,100.0,58.47,Medium
STU0253,21,Male,1,6.44,59.44,46.66,75.14,56.56,100.0,100.0,100.0,56.28,62.22,5,18,2,31.78,72.83,9,3,6,71.53,85.88,Undecided,Consulting,67.27,74.21,88.37,56.14,Medium
STU0254,22,Female,4,5.77,63.05,65.71,81.58,66.3,75.45,63.8,78.25,77.78,63.45,5,15,7,78.7,79.24,4,3,2,62.35,50.53,No,Government,57.28,59.42,98.4,55.8,Medium
STU0255,18,Male,4,6.45,61.8,79.53,63.12,68.02,77.97,83.31,89.66,89.77,65.6,4,11,4,76.1,83.72,5,5,3,65.45,59.75,No,Education,68.41,67.3,55.03,62.83,Medium
STU0256,20,Male,3,6.98,76.42,53.43,78.45,78.04,84.79,65.04,69.42,81.11,77.03,4,19,7,79.46,73.41,3,5,8,56.71,83.22,Undecided,Research,54.45,77.34,73.37,64.59,Medium
STU0257,24,Male,3,6.47,68.47,83.63,73.4,74.24,51.52,64.76,57.95,82.0,60.02,1,4,2,59.92,63.0,11,4,1,71.68,75.34,No,Consulting,84.01,60.0,53.35,25.12,Low
STU0258,23,Male,2,4.55,40.0,76.34,64.39,80.98,92.78,91.52,74.38,79.05,53.64,4,14,5,68.18,74.67,5,6,2,71.6,77.58,Yes,Information Technology,79.05,84.11,85.82,49.26,Medium
STU0259,25,Female,3,8.28,89.1,60.45,72.88,46.5,37.38,36.1,49.31,87.58,100.0,3,14,4,56.67,53.1,6,5,7,79.18,84.11,Undecided,Healthcare,72.06,55.16,59.06,38.67,Low
STU0260,20,Male,3,8.73,94.25,68.16,73.38,81.29,60.01,64.96,64.8,58.95,79.81,5,13,3,69.06,61.19,7,4,5,47.21,81.69,No,Consulting,64.5,68.18,73.43,67.22,Medium
STU0261,18,Female,1,7.98,74.86,90.78,89.92,92.45,64.03,63.18,68.6,55.37,61.09,3,10,5,61.15,63.7,3,7,2,72.0,73.62,Undecided,Manufacturing,76.5,69.36,62.43,56.39,Medium
STU0262,23,Male,3,5.83,65.41,79.54,74.69,76.72,77.56,67.88,69.6,71.92,73.23,0,3,3,55.25,39.26,6,5,4,78.44,73.76,No,Finance,77.03,79.55,43.81,43.91,Medium
STU0263,22,Female,4,6.96,66.64,70.11,66.06,68.29,72.84,76.63,71.43,46.07,67.25,3,15,5,68.77,68.11,7,4,0,67.58,58.77,No,Research,65.57,56.68,69.48,43.01,Medium
STU0264,18,Male,3,7.19,75.39,66.91,61.06,72.8,67.83,81.73,64.24,86.77,86.37,3,8,5,52.46,63.49,7,7,3,90.21,69.54,No,Manufacturing,79.13,75.41,68.18,52.06,Medium
STU0265,20,Male,1,7.92,72.43,71.0,65.15,93.94,69.84,70.1,81.29,86.65,75.2,1,4,4,63.11,37.11,7,6,4,79.74,58.51,Yes,Consulting,76.79,65.07,51.43,46.61,Medium
STU0266,19,Female,4,8.0,69.45,63.35,54.68,49.21,57.29,67.84,66.98,66.8,78.14,2,6,6,62.36,54.65,1,5,7,86.3,57.06,Undecided,Healthcare,79.52,65.99,59.25,31.22,Low
STU0267,21,Male,2,6.32,64.2,42.64,56.76,63.27,50.54,63.89,60.9,67.55,49.39,3,10,4,58.72,65.19,4,4,8,53.93,79.41,No,Consulting,71.96,56.94,62.07,25.25,Low
STU0268,25,Male,2,7.3,74.83,96.55,75.06,75.99,79.44,75.77,65.41,71.13,63.02,2,10,4,69.21,65.68,6,7,5,42.68,58.94,No,Information Technology,59.78,59.64,67.05,53.32,Medium
STU0269,24,Female,1,7.75,76.97,72.02,72.22,71.41,79.02,64.67,54.41,72.62,75.2,2,10,5,67.01,71.79,7,4,4,74.26,60.42,Yes,Finance,72.94,71.98,51.08,49.11,Medium
STU0270,20,Female,2,8.95,82.26,75.18,88.58,70.87,90.6,91.85,98.49,73.53,78.82,1,7,5,66.17,67.17,3,8,6,39.57,81.16,Undecided,Finance,65.36,76.23,46.81,51.8,Medium
STU0271,23,Male,4,8.05,79.65,69.25,83.63,65.8,59.73,69.83,74.03,78.7,68.28,5,22,5,74.65,82.47,6,1,5,61.06,78.33,Undecided,Government,81.66,73.14,74.99,47.94,Medium
STU0272,25,Male,3,8.15,85.24,60.44,71.77,65.14,79.01,79.5,56.09,69.93,78.15,3,12,4,60.6,65.76,10,8,4,69.57,65.78,No,Information Technology,68.54,69.11,71.57,46.54,Medium
STU0273,25,Female,2,7.3,75.39,67.58,71.1,57.83,66.31,61.77,75.35,83.32,70.77,0,1,2,61.22,44.68,13,1,2,81.22,73.12,Yes,Manufacturing,65.25,77.84,36.17,28.19,Low
STU0274,25,Male,4,8.89,91.29,49.21,84.13,69.36,85.48,73.87,86.29,77.35,77.66,3,11,5,71.89,78.31,11,6,1,71.38,61.71,Yes,Research,77.41,81.92,80.79,74.06,High
STU0275,18,Male,4,7.69,74.52,99.6,90.07,68.84,83.29,75.72,76.82,64.72,79.72,3,14,4,72.56,68.18,9,2,4,91.8,71.49,Yes,Finance,84.5,74.66,71.74,62.89,Medium
STU0276,21,Male,4,6.17,73.73,53.95,62.46,67.07,72.75,57.4,85.45,88.02,85.39,0,3,7,68.31,42.66,6,6,2,59.56,72.34,No,Manufacturing,70.82,70.14,42.39,25.23,Low
STU0277,18,Female,2,8.88,81.69,56.58,57.64,59.85,65.59,52.64,65.42,55.7,61.33,2,8,9,81.45,52.95,6,6,3,56.35,63.42,Undecided,Manufacturing,56.47,67.98,69.75,32.0,Low
STU0278,23,Female,3,8.04,85.77,64.28,77.1,55.64,82.49,71.11,56.51,70.89,66.77,3,9,4,83.79,67.04,3,6,0,100.0,57.51,No,Information Technology,68.5,78.14,66.4,58.32,Medium
STU0279,18,Male,4,6.67,78.3,86.74,88.07,81.73,78.41,80.51,80.16,83.6,73.78,2,9,8,85.42,68.51,5,3,5,67.71,72.33,No,Healthcare,72.77,72.29,70.85,64.33,Medium
STU0280,19,Male,4,6.62,72.95,70.19,67.06,55.03,61.1,60.96,67.55,63.32,69.29,4,12,5,68.17,86.06,9,6,4,71.95,74.53,No,Government,71.64,70.55,73.83,55.09,Medium
STU0281,21,Male,1,7.56,76.62,53.93,68.42,62.06,52.74,53.54,52.68,75.71,68.61,2,11,7,75.59,67.69,8,5,4,61.55,81.51,Yes,Healthcare,71.1,62.78,75.53,40.53,Medium
STU0282,21,Female,1,7.76,76.14,86.31,77.58,65.24,66.25,61.67,73.03,78.52,84.57,1,6,2,64.58,57.98,7,1,6,56.76,69.77,Yes,Manufacturing,61.29,64.09,64.41,47.62,Medium
STU0283,23,Male,3,7.44,84.21,79.5,78.78,80.34,89.7,75.81,56.95,61.67,76.1,5,23,3,63.65,80.49,7,8,2,67.64,63.26,No,Government,67.97,71.53,87.25,73.95,High
STU0284,24,Male,4,7.57,68.17,77.0,53.61,65.11,84.9,74.67,87.25,71.13,73.85,1,4,4,81.14,76.25,5,4,7,85.75,84.15,Yes,Information Technology,78.32,78.8,77.35,54.75,Medium
STU0285,19,Female,3,9.24,86.37,79.3,79.14,71.11,55.54,86.65,61.68,70.12,64.87,3,14,10,99.64,87.93,3,4,4,66.67,55.81,No,Healthcare,75.03,56.16,89.77,64.06,Medium
STU0286,20,Male,3,8.49,83.63,100.0,97.03,89.94,54.82,75.22,56.21,65.38,84.39,1,2,7,88.81,66.38,5,3,1,32.63,75.65,Yes,Consulting,54.8,52.99,69.57,59.64,Medium
STU0287,18,Female,1,7.43,85.53,98.41,84.17,78.4,86.57,89.2,79.5,99.62,59.44,2,6,7,97.09,69.85,4,5,9,53.46,91.36,Undecided,Manufacturing,77.06,75.83,59.85,69.27,Medium
STU0288,22,Male,3,8.33,87.63,61.07,73.57,65.01,55.24,76.54,73.79,62.84,82.03,2,9,4,54.28,46.11,5,5,6,98.29,91.08,Undecided,Research,94.43,71.33,56.07,54.01,Medium
STU0289,18,Male,4,5.96,56.86,91.11,69.85,66.97,76.62,64.49,71.69,84.06,78.53,1,4,7,91.2,84.0,11,3,5,32.0,59.37,No,Finance,59.27,55.19,56.08,50.29,Medium
STU0290,25,Male,2,7.68,76.95,74.98,78.56,79.55,61.99,55.67,54.07,67.29,68.23,2,9,3,58.28,68.35,8,6,1,59.07,43.9,No,Finance,58.2,53.15,52.43,36.47,Low
STU0291,18,Female,4,9.37,90.03,76.49,79.2,91.72,91.02,69.89,69.14,58.96,85.65,1,6,5,82.06,61.89,8,1,11,76.6,84.09,No,Consulting,85.34,82.27,70.25,76.89,High
STU0292,20,Female,4,6.94,67.49,48.0,52.71,86.32,59.98,80.34,57.52,73.23,70.02,2,8,4,67.7,82.02,3,3,2,76.96,70.92,No,Education,79.51,58.24,59.3,42.91,Medium
STU0293,18,Female,2,6.18,72.47,67.78,81.53,70.19,84.86,72.72,71.97,79.79,74.86,3,12,2,52.33,63.86,5,7,9,77.3,69.8,Undecided,Education,85.07,82.31,67.41,57.71,Medium
STU0294,19,Male,3,6.42,58.18,59.43,69.54,72.57,72.4,60.07,80.02,83.05,73.33,0,3,5,58.84,40.37,8,3,4,83.41,66.74,Undecided,Education,80.87,80.72,46.21,35.71,Low
STU0295,19,Female,2,5.89,74.27,80.76,72.5,58.61,73.28,68.67,70.3,90.75,100.0,4,19,11,88.37,96.56,6,5,6,66.71,65.5,Yes,Healthcare,62.51,76.74,85.12,51.3,Medium
STU0296,21,Male,4,6.26,72.14,83.92,82.0,93.18,44.39,57.59,69.57,100.0,92.35,1,4,6,81.17,50.66,5,5,5,54.68,57.89,Yes,Government,58.58,50.98,58.18,51.73,Medium
STU0297,23,Male,3,6.76,78.48,43.03,66.13,63.43,41.36,61.3,77.26,75.01,81.28,1,5,10,68.0,54.19,6,4,5,66.71,85.21,Yes,Consulting,66.33,57.05,61.9,28.15,Low
STU0298,24,Female,3,5.51,56.35,69.71,71.23,65.5,67.13,72.72,63.18,64.04,55.72,3,6,6,73.72,60.48,4,6,3,87.91,70.12,Yes,Research,76.93,69.33,66.68,46.0,Medium
STU0299,22,Male,4,7.22,73.93,84.58,65.38,90.89,73.21,64.66,66.69,77.43,75.4,2,8,9,90.12,65.05,6,2,6,45.12,76.3,No,Finance,52.36,59.92,67.82,55.92,Medium
STU0300,25,Male,2,8.28,74.49,67.57,79.53,66.62,55.37,71.77,93.02,68.81,64.4,2,10,5,73.11,68.24,5,3,4,63.12,60.23,Yes,Finance,69.76,64.16,70.12,52.39,Medium
STU0301,18,Male,4,6.11,61.32,79.48,67.67,71.13,55.85,58.74,79.85,83.11,78.79,1,6,3,62.71,59.46,10,7,4,70.28,64.14,Undecided,Research,56.49,51.18,57.02,43.97,Medium
STU0302,18,Male,3,9.02,94.64,74.57,78.82,77.77,77.3,73.22,52.88,56.43,76.32,4,11,6,71.57,66.61,8,0,6,60.16,68.52,No,Healthcare,58.59,66.49,64.96,68.12,Medium
STU0303,20,Male,1,7.81,89.36,74.44,100.0,62.31,77.32,81.66,80.56,100.0,76.16,3,8,6,82.85,94.23,6,5,2,62.13,62.81,Yes,Finance,67.18,65.54,79.65,55.32,Medium
STU0304,23,Female,3,8.44,78.21,66.47,74.7,78.77,68.21,64.28,67.56,82.27,77.78,1,6,3,49.53,29.92,4,5,4,76.1,59.12,Yes,Finance,75.56,65.44,35.96,41.29,Medium
STU0305,19,Male,4,6.41,65.13,54.18,59.09,51.24,80.14,70.37,82.58,51.79,55.69,2,8,4,63.47,63.68,5,4,5,72.0,73.75,No,Manufacturing,59.14,71.35,62.96,20.0,Low
STU0306,22,Female,2,8.23,83.01,55.42,51.35,51.98,54.74,70.55,57.44,63.49,74.46,4,19,7,90.89,86.91,13,2,1,84.22,55.36,No,Research,74.89,64.9,94.75,52.57,Medium
STU0307,21,Female,4,5.89,53.24,79.22,80.4,66.47,65.37,60.84,55.56,81.79,60.44,2,7,1,60.45,63.81,9,5,2,78.31,84.92,Undecided,Finance,84.47,76.4,54.58,38.32,Low
STU0308,19,Male,4,8.27,88.57,70.25,66.85,78.23,91.42,77.29,69.79,86.12,82.08,0,1,3,56.34,56.33,4,6,5,85.53,69.61,Undecided,Research,66.08,83.77,57.73,45.44,Medium
STU0309,25,Male,2,7.41,71.62,68.2,62.73,63.34,70.89,77.46,65.97,56.73,73.84,2,8,2,45.72,24.79,5,4,4,60.3,72.75,No,Manufacturing,55.05,62.08,52.83,33.67,Low
STU0310,23,Male,4,7.86,79.37,64.49,69.15,53.99,71.64,92.78,88.17,80.56,76.47,1,5,4,70.05,51.28,2,6,6,100.0,76.39,No,Education,86.81,68.3,45.55,55.85,Medium
STU0311,25,Female,1,5.79,58.95,66.03,76.68,62.26,99.98,91.05,70.69,48.63,56.7,2,8,4,53.32,59.84,9,8,5,44.82,73.34,No,Information Technology,64.12,86.25,59.78,30.95,Low
STU0312,24,Male,2,6.13,59.64,83.61,79.68,77.67,51.81,68.04,57.3,70.93,68.98,4,10,7,84.31,99.75,5,4,5,82.06,68.98,No,Manufacturing,72.81,70.69,95.6,74.37,High
STU0313,21,Female,1,7.92,81.23,65.64,71.71,56.29,80.35,81.47,55.13,85.34,85.31,2,4,8,88.77,66.69,4,4,3,54.77,59.63,Undecided,Government,61.97,79.08,66.53,53.87,Medium
STU0314,24,Male,4,6.06,63.03,52.57,63.18,49.4,91.63,70.5,87.67,65.38,56.71,2,8,3,45.33,53.21,4,6,9,45.41,66.47,No,Consulting,58.75,73.96,49.8,30.6,Low
STU0315,20,Female,3,7.76,77.24,79.67,73.08,96.93,65.78,70.76,84.46,53.92,70.56,4,9,5,64.37,82.0,8,11,5,95.06,75.32,No,Finance,98.13,83.61,69.12,73.28,High
STU0316,25,Male,1,5.56,54.94,67.34,65.65,60.43,81.18,76.23,71.05,73.75,78.21,3,8,2,43.03,48.12,7,6,2,64.43,46.87,Yes,Research,44.72,57.23,58.91,19.63,Low
STU0317,20,Male,2,8.22,86.22,70.41,77.45,67.5,57.23,68.97,62.87,64.74,79.76,2,6,5,82.4,70.18,7,10,6,50.87,57.54,Undecided,Education,54.74,49.11,57.3,42.75,Medium
STU0318,18,Female,3,5.72,73.06,90.9,89.23,78.32,61.07,68.65,72.73,79.55,74.96,1,6,5,90.4,66.11,4,4,2,63.95,64.89,No,Information Technology,63.76,59.61,58.06,34.75,Low
STU0319,24,Female,1,7.86,81.72,69.73,82.72,66.14,75.0,77.55,91.59,61.38,77.77,3,12,10,100.0,76.91,2,3,1,59.78,63.39,No,Information Technology,52.1,68.4,74.25,52.04,Medium
STU0320,23,Male,4,7.95,88.52,73.76,83.13,78.78,80.38,73.06,78.57,62.73,78.87,3,13,4,80.36,80.17,8,9,3,67.58,53.28,Undecided,Research,66.56,65.61,60.96,66.3,Medium
STU0321,25,Female,4,6.36,57.51,54.67,56.83,71.55,84.57,78.64,68.3,47.75,66.24,2,7,4,54.07,80.2,4,12,4,65.08,59.24,Undecided,Education,61.08,78.05,50.99,32.04,Low
STU0322,22,Male,3,7.9,82.2,67.14,79.92,65.87,90.41,68.41,55.12,74.04,57.77,5,16,5,54.0,78.34,11,5,4,49.61,59.57,Yes,Education,51.92,76.08,68.59,61.89,Medium
STU0323,21,Female,4,7.51,69.91,77.92,73.8,62.49,69.12,67.9,55.66,70.07,56.51,4,15,4,80.9,59.01,2,4,1,70.95,62.65,Yes,Information Technology,60.09,73.7,72.27,54.6,Medium
STU0324,19,Female,2,6.55,58.61,49.78,49.26,72.12,85.52,92.39,82.6,57.74,71.88,3,8,4,64.86,60.23,2,6,2,69.8,67.26,Undecided,Research,70.64,79.19,76.73,45.32,Medium
STU0325,23,Male,4,5.99,58.73,72.61,65.0,70.98,65.55,72.69,61.97,74.33,54.31,2,6,4,72.2,80.67,2,4,2,94.35,82.44,No,Information Technology,89.71,78.15,78.15,60.14,Medium
STU0326,23,Male,3,4.84,61.9,71.31,69.43,88.52,81.73,76.57,77.57,84.32,75.57,2,4,2,46.64,53.26,5,5,6,91.69,82.45,Undecided,Finance,83.87,91.95,58.92,49.14,Medium
STU0327,20,Male,3,7.62,85.23,70.54,83.86,48.34,72.7,91.68,71.63,69.41,72.49,1,6,4,65.47,45.46,5,5,3,70.09,55.48,Yes,Consulting,72.33,78.4,72.01,55.25,Medium
STU0328,24,Female,1,5.32,59.58,83.48,71.95,79.87,75.79,60.5,55.42,75.22,59.45,1,6,5,75.49,68.74,5,3,5,76.91,78.87,No,Manufacturing,79.83,73.86,63.27,53.42,Medium
STU0329,25,Female,4,7.31,65.06,74.35,61.55,92.08,75.51,62.88,54.76,75.28,73.5,4,15,6,75.52,72.82,5,6,2,54.28,67.81,No,Manufacturing,75.83,62.1,83.34,54.84,Medium
STU0330,25,Male,2,6.88,70.55,89.21,80.29,77.53,49.14,79.24,86.77,57.55,68.77,2,4,6,74.42,67.12,9,2,5,79.89,57.16,Yes,Information Technology,63.32,68.33,63.79,70.04,High
STU0331,18,Male,1,8.01,84.2,57.08,71.06,61.14,55.39,65.39,75.4,96.68,100.0,4,17,6,54.77,59.59,3,6,6,100.0,86.7,Undecided,Information Technology,80.41,85.76,72.5,72.47,High
STU0332,18,Female,1,6.84,72.79,71.77,74.26,74.43,71.33,69.67,90.98,66.35,64.76,1,4,5,64.1,52.46,13,7,3,52.83,72.65,No,Government,68.43,81.26,51.2,36.52,Low
STU0333,21,Other,3,6.8,58.29,71.1,74.76,65.52,48.07,49.64,63.87,79.87,82.32,2,8,6,51.91,57.46,7,3,5,60.84,59.81,No,Consulting,61.4,60.2,42.93,41.57,Medium
STU0334,20,Female,3,8.08,76.49,56.1,75.17,59.73,80.81,80.84,71.34,81.23,79.31,3,12,3,51.33,62.52,8,5,2,73.68,71.76,Yes,Consulting,63.9,74.04,60.78,49.22,Medium
STU0335,23,Male,3,7.6,77.95,82.43,74.62,73.96,81.33,82.04,92.93,70.32,67.43,2,8,7,78.93,72.32,7,4,2,72.77,57.47,No,Healthcare,60.93,65.41,80.16,60.6,Medium
STU0336,25,Male,4,7.58,81.97,100.0,83.76,80.73,74.25,62.47,68.03,79.28,84.67,4,18,5,70.66,79.28,3,6,5,71.72,67.13,Undecided,Research,76.0,70.61,62.83,76.2,High
STU0337,22,Male,1,7.76,64.47,69.78,60.64,82.67,55.43,63.54,66.75,74.95,75.14,5,22,4,67.63,71.87,9,5,5,59.71,57.09,Undecided,Information Technology,68.48,53.05,70.09,61.06,Medium
STU0338,20,Female,4,5.36,57.11,76.57,75.04,78.72,87.94,76.22,76.15,54.99,61.81,0,2,4,64.05,67.48,2,3,6,48.97,70.37,Undecided,Manufacturing,67.06,65.0,58.01,27.11,Low
STU0339,21,Male,1,8.11,83.99,71.1,87.98,73.61,96.48,85.98,46.85,68.01,77.2,1,4,8,82.72,62.52,7,6,3,57.15,68.66,Yes,Research,65.44,82.39,69.1,50.97,Medium
STU0340,21,Female,4,7.93,87.32,60.72,70.37,73.48,71.91,61.17,86.64,64.65,69.58,1,5,4,72.38,46.45,8,4,8,82.45,84.05,Yes,Finance,79.91,73.34,64.95,43.48,Medium
STU0341,20,Male,4,5.98,68.67,46.33,57.95,54.84,76.64,87.01,83.51,66.46,61.54,3,13,4,53.65,42.24,4,11,4,100.0,83.94,No,Healthcare,88.1,82.3,66.8,55.33,Medium
STU0342,21,Female,3,6.91,76.27,60.82,80.8,57.71,72.62,81.84,78.76,56.35,75.43,2,6,3,59.92,61.72,8,5,2,78.06,73.56,Undecided,Manufacturing,77.66,82.82,61.35,53.78,Medium
STU0343,20,Female,3,7.15,68.75,51.9,66.46,54.52,76.89,70.97,71.32,85.52,72.7,3,9,6,59.5,57.54,0,10,5,64.94,81.33,No,Finance,73.88,60.73,54.26,52.84,Medium
STU0344,19,Female,2,7.04,60.0,92.15,80.96,82.7,68.45,68.64,71.1,91.22,72.65,2,10,3,69.3,70.45,4,4,4,82.41,66.09,Yes,Consulting,68.35,65.48,74.17,44.41,Medium
STU0345,20,Male,3,7.6,75.65,68.5,62.78,59.08,69.55,69.93,62.7,83.74,79.12,3,13,4,63.15,68.74,4,9,2,49.65,31.07,No,Consulting,55.33,61.27,61.21,46.52,Medium
STU0346,24,Male,4,8.92,97.29,65.5,83.96,63.02,81.77,69.01,79.99,87.25,87.61,3,6,3,58.67,100.0,5,4,6,69.53,67.25,No,Healthcare,70.15,70.6,66.89,63.36,Medium
STU0347,20,Male,3,8.5,96.25,81.56,77.96,71.7,100.0,80.57,65.51,67.86,66.18,2,4,4,58.75,47.89,8,6,6,61.06,64.36,Yes,Healthcare,49.51,75.0,70.47,49.75,Medium
STU0348,21,Female,2,5.63,65.64,55.42,53.84,83.73,51.8,60.61,64.4,64.36,78.86,2,8,3,45.36,65.72,3,5,2,65.75,70.23,Yes,Healthcare,60.4,63.16,55.45,15.05,Low
STU0349,25,Female,3,7.95,84.56,60.03,68.84,37.28,68.65,87.02,82.36,62.66,74.48,0,2,3,53.24,35.4,3,5,3,61.53,40.01,Yes,Healthcare,53.79,59.87,46.86,25.55,Low
STU0350,24,Female,4,8.79,91.77,70.88,74.33,69.19,54.65,74.06,65.2,79.73,79.21,2,8,4,75.45,75.49,7,4,4,53.35,64.37,Yes,Healthcare,63.01,46.22,76.96,49.62,Medium
STU0351,21,Female,2,7.66,75.05,83.37,77.01,95.11,90.7,90.16,86.68,74.72,77.56,2,7,2,47.66,70.3,5,3,4,95.5,89.86,Yes,Healthcare,89.48,84.4,60.64,72.08,High
STU0352,18,Female,1,8.51,85.68,76.52,67.89,75.3,62.36,71.76,56.81,71.07,78.44,2,8,9,100.0,73.56,5,8,5,60.66,66.37,Yes,Education,60.66,54.34,77.17,56.11,Medium
STU0353,18,Male,3,9.61,100.0,73.23,90.62,79.81,51.24,51.88,47.38,87.54,93.17,4,16,2,49.98,61.7,7,12,6,60.6,73.9,No,Consulting,76.77,65.62,79.24,73.58,High
STU0354,25,Female,4,8.43,79.27,71.02,83.72,72.06,78.3,74.82,76.6,76.86,80.64,4,16,5,70.52,75.64,12,9,4,69.13,60.11,Yes,Finance,72.4,62.3,68.32,68.54,Medium
STU0355,25,Male,1,7.5,88.8,75.2,64.34,66.69,92.68,91.41,91.31,61.94,81.12,4,17,5,79.34,73.31,7,5,4,73.11,75.79,No,Research,74.18,72.17,79.33,62.25,Medium
STU0356,24,Male,2,8.45,83.8,72.62,84.84,49.52,78.63,62.8,47.14,63.83,85.64,2,9,7,77.57,84.13,4,5,2,94.22,71.08,Yes,Manufacturing,71.33,71.66,75.42,65.22,Medium
STU0357,19,Female,1,7.37,85.61,56.61,63.95,65.19,72.66,79.06,80.1,80.18,86.97,3,15,5,62.86,66.17,6,0,3,72.56,60.73,Yes,Research,66.77,74.4,49.98,50.94,Medium
STU0358,25,Male,2,7.23,65.22,70.6,76.45,63.07,75.32,97.12,74.3,84.5,71.73,2,5,7,91.28,77.91,9,3,4,78.31,70.99,Undecided,Information Technology,72.45,70.08,69.17,58.66,Medium
STU0359,18,Male,3,6.78,75.12,56.04,65.96,54.82,88.39,90.39,79.42,78.62,64.77,1,5,5,73.39,65.04,3,4,3,42.31,64.2,Undecided,Manufacturing,44.74,76.76,52.13,34.42,Low
STU0360,20,Female,4,9.08,86.56,71.05,77.5,66.09,58.64,80.53,54.77,94.76,98.73,2,9,3,65.47,72.11,4,5,0,74.57,60.0,No,Education,73.2,69.37,72.84,54.8,Medium
STU0361,21,Male,3,6.22,56.07,63.75,61.83,84.51,68.55,73.03,60.48,91.62,69.97,0,0,2,51.14,40.94,6,6,1,58.61,55.85,No,Education,62.24,69.93,46.35,29.21,Low
STU0362,18,Female,3,9.04,92.89,100.0,100.0,100.0,64.12,78.53,83.11,77.29,76.44,2,6,5,79.39,76.43,5,9,3,58.88,61.14,Yes,Government,56.11,60.51,69.63,74.81,High
STU0363,18,Male,2,7.8,87.27,69.48,66.89,72.39,54.82,57.49,62.22,61.94,58.5,2,10,7,70.74,78.31,5,6,2,52.17,59.97,Undecided,Research,61.2,49.59,66.99,31.17,Low
STU0364,19,Male,4,5.52,53.77,51.74,61.97,55.81,65.73,77.54,66.98,56.28,63.75,5,13,6,65.84,79.78,8,4,0,64.96,59.81,Yes,Healthcare,72.01,62.59,88.59,51.92,Medium
STU0365,24,Male,3,7.64,68.27,68.26,78.42,57.77,84.4,84.52,77.28,67.35,70.44,1,6,4,64.43,43.44,4,6,4,75.75,71.46,Yes,Research,77.67,59.57,53.28,44.22,Medium
STU0366,24,Male,4,4.68,51.48,76.75,73.29,78.9,77.37,77.72,80.42,81.04,53.69,4,18,7,81.59,95.32,5,5,2,76.48,53.57,No,Education,64.07,74.15,86.71,49.31,Medium
STU0367,23,Female,3,7.95,80.94,91.75,100.0,100.0,78.38,88.43,83.83,93.92,85.58,1,5,4,74.48,62.53,6,6,6,72.98,71.08,Yes,Manufacturing,89.5,75.41,55.46,79.67,High
STU0368,19,Male,1,8.26,88.18,62.34,69.68,63.81,71.9,66.97,68.51,77.01,74.48,1,4,6,80.71,63.33,6,9,2,60.65,72.86,No,Education,70.85,64.49,71.09,52.46,Medium
STU0369,20,Female,3,6.49,75.06,49.43,71.17,35.4,76.8,72.69,85.76,86.02,100.0,2,6,4,45.21,61.85,9,8,3,59.13,67.47,Yes,Manufacturing,60.84,65.92,65.42,42.49,Medium
STU0370,24,Male,2,7.35,75.73,80.62,76.94,83.04,59.59,67.77,78.26,69.06,67.1,3,6,7,78.15,88.55,7,8,3,63.74,75.37,Yes,Healthcare,81.47,71.52,64.52,64.3,Medium
STU0371,21,Female,3,9.54,100.0,52.05,83.29,70.48,65.98,59.39,70.24,79.47,79.92,0,1,5,72.37,51.73,5,3,3,71.61,70.2,Undecided,Research,59.21,71.27,50.46,53.38,Medium
STU0372,25,Female,1,6.59,70.88,64.33,68.69,51.52,72.5,74.89,72.99,81.88,66.5,1,4,4,82.25,76.46,7,8,5,46.46,63.44,No,Healthcare,49.94,72.16,59.92,30.75,Low
STU0373,19,Female,1,5.93,60.95,66.65,63.22,70.42,73.61,55.94,73.87,48.24,72.31,2,10,4,54.74,59.62,10,4,3,66.14,78.55,Yes,Research,68.8,66.44,60.89,30.87,Low
STU0374,25,Male,4,8.98,79.54,69.09,84.38,74.51,74.16,83.84,79.66,67.04,69.6,2,8,7,74.18,72.91,4,5,7,64.42,67.13,Yes,Education,74.3,61.56,69.54,72.2,High
STU0375,18,Male,2,9.56,94.2,78.96,79.57,74.7,68.2,71.16,82.69,83.4,76.47,3,7,4,57.17,59.8,7,9,1,75.3,58.38,Yes,Consulting,64.68,69.96,69.01,60.53,Medium
STU0376,21,Male,4,7.2,72.45,61.11,56.56,57.7,65.09,64.08,77.5,75.29,79.31,2,5,6,55.1,56.5,5,3,2,100.0,91.36,Undecided,Research,91.09,84.07,53.19,38.55,Low
STU0377,21,Female,2,8.41,92.41,66.44,73.11,78.7,100.0,76.66,67.61,57.64,62.21,1,6,3,60.45,66.03,4,1,4,69.83,76.49,No,Information Technology,66.75,84.56,57.91,54.24,Medium
STU0378,18,Male,3,8.81,92.53,69.81,83.75,66.36,81.79,74.46,61.48,42.84,75.86,4,15,8,89.19,65.03,10,4,2,70.18,60.74,No,Healthcare,72.75,69.81,75.67,62.54,Medium
STU0379,19,Female,3,6.31,58.53,71.94,78.99,56.72,75.37,80.8,66.71,67.61,81.8,1,2,3,57.78,61.12,5,4,2,79.9,60.62,Yes,Finance,75.5,89.92,45.5,44.59,Medium
STU0380,18,Female,3,6.62,70.79,71.27,72.74,50.7,66.97,75.61,82.92,71.14,76.22,3,10,4,62.62,71.84,8,5,4,66.96,56.12,No,Finance,54.61,77.04,59.54,44.67,Medium
STU0381,25,Male,2,8.68,92.82,75.67,92.08,86.23,64.13,61.8,46.75,61.39,81.65,4,8,3,60.6,89.85,12,1,1,76.45,60.57,Yes,Government,70.27,62.43,61.01,60.68,Medium
STU0382,23,Female,2,9.22,100.0,80.97,75.57,82.7,68.3,62.27,71.61,73.72,89.95,5,11,6,73.79,94.58,6,5,2,89.61,79.59,No,Healthcare,84.95,72.03,95.87,76.19,High
STU0383,21,Male,1,7.88,87.13,75.1,75.74,74.18,73.81,79.78,78.73,78.08,94.31,2,6,6,75.94,69.14,8,0,6,65.61,48.23,No,Consulting,60.08,61.01,58.06,56.95,Medium
STU0384,22,Male,2,6.14,70.59,75.9,71.55,69.34,45.55,53.27,71.98,80.05,84.61,3,12,4,77.66,61.35,6,2,3,92.86,84.45,Undecided,Research,85.85,76.69,67.52,48.01,Medium
STU0385,22,Female,3,9.58,96.64,49.43,70.15,53.9,49.6,62.92,64.59,43.73,75.9,2,9,4,50.68,51.47,10,3,7,72.9,81.59,Undecided,Consulting,71.53,69.83,68.42,47.37,Medium
STU0386,25,Female,4,6.56,71.76,70.65,72.58,60.1,61.72,69.01,51.46,56.23,75.12,3,13,3,57.46,63.71,3,4,3,81.96,59.36,Yes,Education,78.47,71.5,60.79,35.41,Low
STU0387,20,Female,4,6.8,79.95,76.23,82.81,69.61,72.69,75.83,61.2,68.34,65.51,2,8,5,70.66,80.18,5,3,6,85.42,77.48,Undecided,Healthcare,75.21,74.98,76.07,57.43,Medium
STU0388,24,Male,4,7.61,69.16,79.48,71.41,54.51,66.89,78.68,58.08,78.87,79.85,2,8,4,63.28,70.32,6,6,6,89.85,73.39,Yes,Research,87.72,79.17,61.18,56.23,Medium
STU0389,18,Male,4,9.06,89.09,61.0,74.74,58.19,89.22,67.52,67.48,77.87,70.49,4,18,4,61.89,65.81,4,6,4,87.05,64.43,Yes,Education,76.71,82.52,73.27,66.1,Medium
STU0390,18,Female,3,8.22,78.57,61.43,69.78,62.68,50.73,43.72,53.79,77.66,72.49,0,2,4,41.5,45.63,2,3,5,90.88,79.72,Yes,Research,80.32,67.9,41.69,34.84,Low
STU0391,20,Female,2,7.7,81.95,62.54,64.42,72.5,60.23,61.43,50.57,67.4,46.16,4,15,3,61.47,69.0,10,3,3,72.57,71.79,No,Manufacturing,72.36,68.88,61.72,33.42,Low
STU0392,20,Female,4,7.76,88.45,76.97,79.68,73.93,89.76,98.41,100.0,68.07,79.99,4,9,5,64.16,68.21,5,2,5,59.46,73.51,No,Research,68.08,85.06,87.44,63.24,Medium
STU0393,25,Male,3,7.25,71.07,83.44,76.27,85.84,71.7,92.49,62.39,63.26,63.06,2,9,3,57.48,66.28,5,6,2,71.52,46.16,Yes,Information Technology,60.92,70.57,69.69,46.99,Medium
STU0394,25,Female,3,7.87,64.1,64.7,65.23,81.08,81.5,94.99,97.77,81.22,81.8,2,8,4,61.31,60.08,4,3,8,53.87,65.42,Yes,Research,59.48,63.3,59.63,53.3,Medium
STU0395,20,Male,1,4.16,44.55,81.8,67.66,87.57,96.67,81.57,94.94,60.95,62.39,2,9,7,72.51,54.36,7,3,6,65.05,75.98,Yes,Research,63.85,75.03,55.84,44.01,Medium
STU0396,21,Male,2,6.84,77.95,71.61,75.11,76.09,60.98,49.62,71.39,82.2,87.06,5,11,1,60.71,87.55,6,4,7,61.12,80.1,Undecided,Information Technology,80.61,70.25,73.14,56.89,Medium
STU0397,25,Female,3,7.49,81.17,68.38,70.72,69.73,68.71,47.49,53.47,74.49,66.0,0,3,5,62.34,51.46,4,7,1,47.59,56.18,No,Research,50.41,56.63,49.0,27.0,Low
STU0398,23,Male,4,5.82,65.38,67.25,78.33,59.18,66.46,63.77,71.04,71.46,78.67,3,14,5,89.6,75.18,6,3,4,83.81,83.15,Yes,Research,73.3,76.35,69.98,48.07,Medium
STU0399,25,Female,3,7.66,76.98,79.71,68.46,83.24,44.59,58.08,44.15,64.12,90.13,3,12,6,82.94,91.1,8,7,2,90.02,72.47,Undecided,Manufacturing,83.9,61.2,79.42,53.36,Medium
STU0400,18,Male,2,6.95,63.6,74.23,64.9,89.62,65.96,82.69,84.36,55.73,70.86,5,21,4,61.43,90.21,7,4,6,59.06,72.95,Yes,Manufacturing,53.9,70.65,91.05,65.06,Medium
STU0401,25,Male,4,9.31,97.4,99.59,100.0,90.2,81.45,85.33,77.34,64.23,85.47,4,8,3,67.41,77.18,5,3,3,79.6,60.51,No,Manufacturing,72.18,68.28,71.26,86.78,High
STU0402,21,Female,1,9.09,85.97,58.92,63.3,83.58,77.03,76.94,69.27,68.04,77.03,3,8,5,66.81,52.6,3,7,3,100.0,83.26,No,Information Technology,81.35,84.31,75.88,69.89,Medium
STU0403,20,Female,2,6.64,85.05,76.74,68.47,58.95,78.05,66.22,56.0,43.57,63.12,0,3,6,90.45,72.29,2,9,3,87.87,58.7,Yes,Research,78.18,72.27,56.38,39.34,Low
STU0404,18,Female,1,7.02,77.17,63.12,76.29,55.17,65.12,59.7,35.44,69.63,79.75,2,7,5,74.69,62.04,2,4,5,54.61,53.88,Yes,Research,57.09,60.15,74.15,36.76,Low
STU0405,25,Female,4,7.11,69.93,58.7,49.27,72.84,61.47,70.2,55.48,83.09,60.85,1,6,3,62.55,54.44,7,6,5,83.45,66.53,No,Healthcare,69.63,69.5,65.25,37.98,Low
STU0406,21,Female,4,6.66,65.66,69.86,67.54,73.07,86.5,85.9,93.04,78.81,67.86,4,14,8,82.01,78.78,6,5,2,67.44,79.38,Undecided,Research,71.92,84.11,88.72,70.78,High
STU0407,23,Female,2,7.43,76.22,71.79,91.15,84.62,63.53,72.51,64.43,66.05,55.55,3,10,7,75.59,60.28,10,6,3,83.08,66.5,No,Finance,78.72,68.99,73.24,68.54,Medium
STU0408,25,Female,4,6.29,64.93,100.0,70.37,86.85,73.82,62.87,66.43,72.56,63.16,3,10,6,90.1,83.57,2,4,6,100.0,86.48,No,Consulting,87.13,87.73,79.32,73.91,High
STU0409,21,Male,2,5.84,70.38,67.61,54.2,60.51,72.12,78.96,81.53,65.33,75.01,3,7,1,59.33,58.31,7,6,4,68.98,72.76,Undecided,Consulting,68.92,65.32,71.79,31.33,Low
STU0410,23,Male,4,7.95,82.85,55.31,56.89,60.28,89.0,84.31,100.0,73.79,80.68,2,9,2,48.25,60.31,8,5,1,91.17,74.21,No,Education,88.49,73.37,58.77,50.31,Medium
STU0411,20,Male,4,7.96,76.52,73.55,82.07,57.13,82.63,66.48,87.83,90.48,79.38,1,4,1,45.27,39.75,5,6,4,58.71,53.43,Yes,Finance,63.03,71.19,48.38,55.47,Medium
STU0412,25,Other,4,6.23,79.3,43.03,71.12,44.38,53.16,56.08,49.25,83.62,79.37,2,9,4,46.79,51.17,9,3,5,62.77,70.65,Undecided,Education,64.66,59.24,47.09,12.87,Low
STU0413,23,Female,1,8.27,84.78,68.8,71.53,79.56,54.56,71.44,43.33,78.25,61.18,1,3,1,35.69,48.93,10,6,3,40.36,45.43,No,Information Technology,49.63,44.72,39.48,24.34,Low
STU0414,18,Male,4,6.44,73.34,70.21,77.73,79.34,77.53,72.54,100.0,66.09,67.14,3,8,3,56.0,66.64,5,5,5,94.38,61.6,Yes,Research,76.79,70.75,69.48,67.81,Medium
STU0415,20,Female,4,7.5,73.24,80.33,87.9,79.81,69.16,87.01,100.0,81.0,68.8,1,5,6,76.08,67.65,5,4,4,45.09,75.77,Undecided,Healthcare,69.06,58.73,60.88,44.52,Medium
STU0416,18,Female,2,8.18,86.16,82.66,96.65,60.25,64.08,73.85,72.13,51.76,64.75,3,13,2,58.77,73.48,6,7,1,53.03,53.08,No,Research,45.51,61.38,73.89,45.61,Medium
STU0417,22,Male,4,7.16,76.62,63.45,68.4,63.31,83.2,72.57,58.95,68.97,77.9,3,14,7,81.54,88.94,4,3,4,73.4,66.72,Yes,Finance,75.22,72.83,86.32,54.84,Medium
STU0418,19,Female,2,7.75,66.52,68.04,50.49,57.17,72.44,72.5,83.04,79.0,64.24,2,8,8,80.06,69.02,2,6,4,100.0,88.68,Yes,Manufacturing,94.41,73.1,58.4,45.29,Medium
STU0419,25,Female,4,6.58,83.33,60.04,64.62,76.79,70.68,72.44,69.73,80.89,72.99,1,6,3,70.38,71.22,2,7,4,41.46,65.92,No,Manufacturing,51.59,58.37,57.16,38.46,Low
STU0420,23,Male,1,6.96,81.67,55.34,65.07,56.6,80.14,68.78,70.75,80.04,58.81,1,5,7,65.26,53.88,6,6,5,75.54,65.72,No,Manufacturing,65.65,69.57,50.77,39.92,Low
STU0421,19,Female,3,6.95,69.77,74.03,70.66,61.86,65.12,60.18,76.08,75.54,69.43,2,9,4,71.37,73.33,4,6,4,48.64,63.62,No,Government,67.24,54.53,79.89,49.97,Medium
STU0422,19,Male,3,6.3,58.98,53.44,58.19,61.69,90.39,87.69,85.3,69.65,56.75,3,9,5,53.95,75.82,5,7,7,95.16,88.21,Yes,Government,87.21,93.4,66.03,44.68,Medium
STU0423,23,Female,1,6.99,75.34,64.61,79.39,61.13,59.76,75.34,55.08,78.46,75.62,0,1,10,85.81,70.52,1,1,5,72.56,58.07,No,Government,78.03,63.1,66.16,40.57,Medium
STU0424,20,Female,2,5.34,58.67,57.06,71.41,78.22,78.54,81.38,72.22,60.57,55.15,4,9,6,72.22,63.3,3,3,1,93.33,62.99,Undecided,Consulting,71.93,90.98,67.16,46.22,Medium
STU0425,25,Female,1,6.61,71.98,77.15,73.54,67.08,88.64,95.04,91.36,61.86,69.69,3,14,6,85.35,45.69,6,4,4,58.56,61.07,Undecided,Finance,62.11,76.88,69.47,42.41,Medium
STU0426,22,Male,3,6.86,73.08,93.42,91.4,69.39,52.1,58.03,67.46,72.74,71.1,1,6,2,60.46,60.73,2,9,2,63.16,62.27,No,Government,61.23,63.96,52.77,53.0,Medium
STU0427,18,Female,2,6.89,75.55,53.08,68.19,39.66,65.54,86.24,77.71,74.08,88.71,3,12,4,59.25,66.73,3,6,3,55.99,74.6,Yes,Research,63.33,66.04,52.04,33.26,Low
STU0428,21,Female,3,6.91,82.32,45.91,64.99,56.94,84.85,69.17,84.62,50.09,73.31,3,14,9,91.17,82.27,5,7,3,91.73,67.21,No,Government,82.2,88.73,75.13,58.3,Medium
STU0429,18,Male,2,7.13,78.15,68.38,80.38,63.99,85.04,68.14,68.77,77.46,59.03,3,15,6,64.16,69.58,8,3,4,91.34,90.67,Undecided,Healthcare,82.57,92.48,70.5,59.03,Medium
STU0430,21,Female,2,7.78,72.67,70.2,72.6,56.32,67.77,52.9,65.6,81.27,63.43,1,6,2,60.73,51.9,5,4,3,60.17,67.77,Yes,Healthcare,64.56,67.07,82.44,42.9,Medium
STU0431,18,Male,4,8.25,93.79,72.84,97.07,83.95,60.45,62.74,24.56,71.07,79.64,1,5,5,64.98,62.72,1,5,2,84.63,53.52,Yes,Manufacturing,66.51,49.51,48.84,38.92,Low
STU0432,23,Female,1,6.42,79.26,64.2,60.12,73.98,82.43,72.06,68.43,100.0,74.37,1,2,6,74.41,64.15,6,4,3,68.46,69.19,No,Finance,74.27,61.74,61.54,47.34,Medium
STU0433,22,Male,4,5.76,83.9,67.39,70.57,68.78,85.39,83.68,87.8,63.8,46.79,2,7,4,67.9,63.11,7,7,2,40.85,68.8,No,Manufacturing,70.92,63.75,66.15,48.88,Medium
STU0434,25,Male,4,5.95,55.69,74.78,67.13,86.77,54.86,67.13,60.53,67.67,76.94,4,14,8,76.77,80.0,5,4,8,77.55,77.19,Undecided,Education,85.99,68.16,85.65,56.7,Medium
STU0435,21,Male,3,6.62,71.28,83.53,81.05,84.57,54.35,52.53,54.38,67.26,76.61,3,13,5,68.26,76.47,3,6,7,82.84,71.64,No,Education,70.6,58.24,68.62,40.11,Medium
STU0436,25,Female,3,6.78,56.45,44.58,64.96,48.29,72.93,68.89,57.85,71.09,70.77,5,21,2,50.93,69.43,11,3,7,86.54,74.62,Undecided,Finance,76.73,78.27,68.1,43.44,Medium
STU0437,25,Male,4,6.28,70.39,65.2,68.78,57.47,78.18,71.47,84.6,68.06,64.59,0,3,3,55.74,36.18,5,1,4,71.08,73.8,Yes,Education,72.45,74.45,51.75,41.26,Medium
STU0438,25,Female,1,5.64,56.92,72.78,56.3,80.21,66.11,51.99,69.31,55.12,65.31,0,3,7,74.76,43.63,10,5,3,64.88,50.92,Yes,Information Technology,47.73,62.06,59.06,24.91,Low
STU0439,24,Male,1,6.65,83.31,58.07,77.03,67.9,78.83,65.66,80.59,65.44,67.45,3,8,4,61.88,62.67,8,5,3,62.55,81.55,No,Information Technology,71.31,73.82,73.23,47.35,Medium
STU0440,20,Male,2,7.42,71.36,92.51,87.65,84.58,60.77,59.64,43.35,70.83,73.07,1,5,5,68.74,73.34,5,6,3,83.57,82.4,No,Information Technology,84.78,57.27,68.4,60.05,Medium
STU0441,18,Female,4,7.91,69.37,61.74,51.53,57.49,42.51,73.47,62.42,86.74,67.02,2,9,6,62.15,63.19,3,7,4,76.31,77.74,Yes,Education,76.43,71.18,49.76,37.88,Low
STU0442,25,Female,1,6.53,65.47,69.46,69.14,76.28,64.49,70.94,65.59,98.43,91.09,2,7,11,80.2,62.29,7,6,5,60.45,55.7,Yes,Healthcare,61.01,59.85,73.53,52.02,Medium
STU0443,18,Male,3,6.7,56.47,77.23,56.8,66.92,70.82,78.49,69.81,88.03,57.04,0,1,7,84.91,60.99,2,6,3,74.25,82.82,Undecided,Information Technology,72.8,74.5,61.93,26.87,Low
STU0444,25,Female,4,6.09,70.07,62.31,62.25,65.25,66.41,54.9,56.43,62.7,79.43,3,9,7,77.06,63.38,7,3,5,80.84,87.19,Undecided,Manufacturing,79.46,74.85,53.09,40.28,Medium
STU0445,21,Female,4,7.16,59.98,45.99,49.47,71.76,54.94,76.67,64.42,63.65,65.44,2,6,8,80.42,67.31,8,2,5,81.17,89.2,No,Government,79.41,66.46,73.8,35.97,Low
STU0446,20,Female,3,6.18,65.82,64.43,73.5,60.83,46.4,73.89,75.66,70.09,64.66,3,10,5,77.33,69.83,6,6,7,69.98,78.06,Undecided,Healthcare,66.53,62.25,69.18,34.28,Low
STU0447,20,Male,1,7.89,66.47,83.38,76.72,62.13,63.32,48.51,37.85,93.41,77.79,4,10,11,100.0,75.77,7,4,5,88.66,77.7,No,Finance,88.58,67.01,93.1,64.06,Medium
STU0448,23,Male,4,5.06,53.3,65.62,52.9,57.57,81.67,69.7,94.14,70.01,71.26,1,4,7,77.41,72.9,6,4,4,58.18,67.62,Undecided,Education,75.9,70.18,63.58,32.01,Low
STU0449,24,Female,3,6.77,82.43,59.0,77.44,74.39,86.33,83.81,84.72,56.07,82.97,5,12,3,58.4,74.59,4,5,2,70.73,70.14,Undecided,Manufacturing,67.08,76.66,80.79,56.29,Medium
STU0450,23,Male,1,7.56,80.56,82.03,68.64,79.66,85.44,84.89,78.56,65.99,75.81,2,9,6,74.15,66.28,4,2,5,83.99,88.85,Undecided,Finance,76.79,81.18,70.7,64.95,Medium
STU0451,23,Female,1,7.42,70.74,65.7,71.96,66.85,59.39,59.94,74.71,81.08,66.07,5,17,3,46.33,80.5,6,8,3,74.67,55.15,Yes,Education,62.61,63.81,65.48,53.89,Medium
STU0452,23,Female,4,10.0,99.78,63.37,71.93,61.76,55.0,61.7,45.92,80.28,84.51,1,3,4,52.97,55.71,4,6,2,71.25,67.89,No,Consulting,63.99,67.22,64.47,42.67,Medium
STU0453,23,Female,3,7.62,78.71,71.94,72.0,76.42,76.46,68.43,63.09,69.6,89.78,3,11,5,69.86,71.72,8,1,4,58.82,70.34,No,Education,62.78,76.28,64.35,62.3,Medium
STU0454,23,Female,4,6.0,67.31,80.02,78.6,67.52,78.26,76.32,72.82,80.2,84.75,2,6,11,100.0,74.62,9,6,10,50.68,84.83,Yes,Manufacturing,69.36,83.06,69.3,63.68,Medium
STU0455,22,Other,4,7.09,64.24,100.0,86.66,90.06,75.2,85.81,93.22,44.72,69.08,4,18,5,92.54,93.3,4,1,3,59.73,60.57,Undecided,Consulting,71.49,71.01,95.12,72.74,High
STU0456,20,Male,3,5.07,59.78,80.75,82.96,69.1,43.82,52.01,56.6,73.25,75.06,3,12,3,60.98,67.32,4,9,2,87.59,72.19,Undecided,Education,68.55,62.09,68.54,30.8,Low
STU0457,23,Female,3,7.1,54.97,85.08,71.87,69.82,58.73,76.44,74.84,82.33,75.23,2,8,5,76.12,68.89,4,6,6,60.22,68.59,Undecided,Education,72.73,55.46,85.5,53.66,Medium
STU0458,25,Male,2,6.2,61.39,63.42,67.48,60.51,69.61,63.51,60.56,62.01,75.52,5,16,7,92.16,100.0,6,5,4,70.02,72.2,Yes,Research,71.76,66.73,83.66,60.66,Medium
STU0459,20,Male,2,8.3,81.28,56.66,65.44,59.41,76.33,65.87,75.98,61.96,67.93,2,7,9,88.97,84.28,3,5,1,99.85,67.99,Yes,Government,68.83,70.94,81.14,60.1,Medium
STU0460,20,Female,2,6.54,73.29,70.81,73.97,70.46,79.97,84.17,97.58,49.6,53.34,1,6,11,100.0,73.69,8,3,1,85.42,75.11,Yes,Education,70.92,76.64,75.96,47.61,Medium
STU0461,19,Female,4,7.06,73.7,71.39,76.44,73.62,71.88,81.57,86.47,91.08,78.74,3,13,5,71.67,72.71,6,3,8,67.74,80.36,Yes,Healthcare,77.16,73.54,81.82,71.06,High
STU0462,22,Other,3,6.44,58.12,55.98,59.75,30.0,74.3,81.95,74.28,63.36,56.99,3,12,7,79.25,81.26,6,5,3,66.31,51.42,Yes,Information Technology,56.83,68.8,87.74,46.66,Medium
STU0463,23,Female,4,9.29,86.72,67.72,61.4,61.17,71.1,58.84,74.47,74.89,68.32,2,7,3,48.94,54.06,4,5,3,91.61,63.07,Yes,Consulting,75.59,75.12,62.18,61.95,Medium
STU0464,18,Male,2,6.81,72.68,75.19,76.93,69.44,78.91,70.85,79.46,79.25,67.73,2,5,5,77.4,65.47,4,7,8,64.87,73.59,No,Manufacturing,69.04,73.73,71.79,44.81,Medium
STU0465,21,Male,3,9.4,94.05,74.69,84.44,88.13,74.07,81.56,81.14,90.14,100.0,5,18,3,64.65,80.23,9,4,1,70.12,94.12,Yes,Healthcare,87.77,77.83,79.45,84.11,High
STU0466,24,Female,3,8.18,79.57,76.56,71.86,63.31,70.85,72.3,84.36,70.15,75.12,3,12,7,90.5,69.02,3,6,6,67.17,69.4,Undecided,Manufacturing,60.59,76.38,76.6,52.07,Medium
STU0467,25,Male,3,7.78,76.65,73.78,64.75,74.21,66.51,59.19,78.6,65.53,74.74,0,3,7,84.78,82.54,7,2,3,94.59,65.58,No,Healthcare,85.02,67.82,73.25,43.91,Medium
STU0468,18,Male,3,7.64,83.63,63.41,84.61,81.83,71.06,76.56,71.04,74.08,65.49,1,6,6,80.36,59.15,6,6,2,69.88,58.03,No,Government,75.67,63.36,67.61,38.76,Low
STU0469,22,Male,2,7.67,75.41,63.32,73.82,53.7,76.3,67.19,78.29,87.41,61.02,5,12,7,69.78,87.59,6,4,6,65.14,76.52,No,Education,64.25,81.42,87.52,57.78,Medium
STU0470,21,Male,3,4.89,53.39,54.41,56.34,65.87,73.48,91.01,73.63,69.96,57.3,3,12,4,54.27,64.54,4,5,7,80.42,94.79,Yes,Government,89.83,74.41,63.84,45.1,Medium
STU0471,22,Male,1,6.87,87.02,93.2,78.3,75.24,74.95,89.18,66.87,60.54,86.56,5,13,3,68.84,89.42,9,6,4,99.21,72.91,Undecided,Research,81.49,87.45,72.02,73.4,High
STU0472,25,Male,2,8.21,73.92,70.17,65.87,65.55,87.46,85.4,76.52,53.51,69.93,1,5,6,68.55,54.58,1,11,5,51.68,66.64,Yes,Consulting,56.73,78.98,53.17,37.87,Low
STU0473,20,Male,3,7.14,61.3,67.08,77.06,60.86,73.45,86.66,75.78,57.34,69.04,3,14,1,55.32,67.3,6,7,5,75.18,67.51,No,Education,70.14,68.21,60.9,64.35,Medium
STU0474,21,Male,3,5.51,65.08,57.93,64.95,56.54,61.56,68.35,47.37,82.37,79.14,3,6,2,38.95,50.08,6,8,4,57.57,71.07,Yes,Research,67.38,64.74,58.11,31.96,Low
STU0475,20,Other,4,7.14,69.51,100.0,79.92,100.0,81.49,84.32,88.21,68.15,64.45,1,6,5,78.72,74.63,3,3,4,91.53,71.24,Undecided,Research,75.89,83.27,75.1,56.66,Medium
STU0476,25,Male,3,9.24,90.93,56.05,76.13,71.27,52.24,78.29,35.25,64.71,88.73,2,6,6,65.09,69.65,7,8,7,53.29,76.98,Undecided,Research,72.33,71.04,64.33,51.02,Medium
STU0477,18,Male,4,8.7,82.83,64.42,66.46,78.45,55.94,67.63,98.23,63.41,67.32,3,9,4,56.61,51.48,7,6,6,82.16,50.93,Yes,Consulting,66.75,62.81,54.91,53.16,Medium
STU0478,25,Female,3,7.13,72.35,75.41,86.26,78.4,74.37,70.91,89.43,73.02,84.88,2,7,4,55.43,59.31,5,5,2,58.98,67.45,Undecided,Consulting,50.9,67.46,45.1,44.39,Medium
STU0479,18,Male,3,8.34,96.25,77.8,94.52,58.73,76.71,57.47,64.16,69.13,83.41,4,17,9,92.56,72.12,7,4,6,94.64,78.95,No,Consulting,84.72,84.7,78.3,72.9,High
STU0480,21,Female,1,6.76,76.45,82.45,75.13,81.3,53.81,63.38,63.75,68.72,56.27,4,16,9,93.19,78.28,3,9,6,100.0,88.48,No,Government,82.01,69.83,75.74,59.82,Medium
STU0481,21,Female,2,5.16,62.48,93.5,73.91,94.15,65.02,77.49,75.01,88.19,66.59,4,18,2,77.96,89.39,7,2,4,88.46,74.13,Yes,Healthcare,78.92,73.0,88.36,67.7,Medium
STU0482,23,Male,2,6.09,54.9,76.58,47.73,65.59,62.12,77.41,63.55,90.46,55.29,4,19,6,96.71,62.82,7,4,4,69.36,55.6,Yes,Research,68.25,50.31,86.27,50.02,Medium
STU0483,22,Male,3,9.08,83.66,56.27,57.75,72.6,63.67,73.7,72.02,52.68,80.55,2,7,8,71.15,75.91,5,8,4,51.93,63.31,Undecided,Education,55.93,75.1,62.13,41.24,Medium
STU0484,23,Female,1,6.87,51.96,66.66,52.47,75.71,82.27,71.61,71.9,75.93,65.74,2,11,7,63.11,66.03,2,8,3,72.88,74.68,Yes,Government,61.91,85.73,66.19,33.25,Low
STU0485,22,Female,1,6.91,66.52,74.0,72.66,91.22,79.18,55.86,66.21,62.68,47.03,4,9,6,66.29,74.71,4,6,5,73.91,73.53,Undecided,Research,66.96,74.78,75.36,49.9,Medium
STU0486,23,Male,2,6.84,78.26,96.89,83.38,81.11,69.75,66.44,70.87,69.02,76.48,2,7,5,78.42,77.15,8,3,4,100.0,63.6,No,Consulting,91.35,70.09,62.65,70.06,High
STU0487,20,Female,4,9.48,98.94,51.83,62.19,49.53,62.9,65.26,50.8,75.71,77.51,1,5,4,67.14,84.88,6,8,2,72.01,66.44,Yes,Information Technology,71.99,60.62,68.42,44.26,Medium
STU0488,21,Male,2,9.15,90.8,85.63,83.06,75.48,52.45,60.47,62.75,69.45,64.26,2,4,7,81.12,56.16,5,8,2,59.33,64.94,No,Research,70.43,62.3,66.99,52.15,Medium
STU0489,18,Other,3,9.86,98.58,72.34,86.1,86.14,88.46,85.99,82.17,74.77,97.04,1,5,8,89.95,83.92,5,6,4,73.07,64.51,No,Manufacturing,82.11,71.12,78.59,79.48,High
STU0490,22,Male,1,7.01,68.27,80.89,79.52,58.21,77.7,94.82,82.16,80.08,73.88,3,12,3,56.92,75.43,7,7,1,64.25,29.51,Undecided,Consulting,68.67,55.81,67.16,42.67,Medium
STU0491,25,Female,3,7.55,79.38,68.67,58.49,49.08,60.81,68.6,64.62,75.53,72.8,2,6,2,50.14,50.01,9,4,8,68.59,70.15,No,Education,71.9,57.31,67.11,41.19,Medium
STU0492,22,Female,2,5.38,63.78,59.05,62.87,65.37,79.35,73.54,87.23,64.24,63.0,1,7,3,57.0,59.05,2,5,5,100.0,67.38,Yes,Consulting,81.6,80.89,51.25,32.6,Low
STU0493,18,Female,2,8.97,79.42,79.76,67.62,71.44,69.09,68.5,65.0,64.45,58.51,5,11,6,77.83,75.01,4,6,1,57.29,56.06,No,Consulting,56.02,64.65,70.96,56.92,Medium
STU0494,23,Female,3,5.8,64.3,78.51,80.05,75.26,66.27,71.07,72.17,54.72,52.18,4,18,8,87.19,78.95,5,6,3,84.42,58.03,No,Finance,74.01,80.93,83.58,49.0,Medium
STU0495,22,Male,1,7.46,83.67,82.64,87.75,86.91,75.66,65.76,85.5,61.75,84.37,4,10,8,80.27,60.06,5,3,2,65.29,48.94,Undecided,Healthcare,64.74,62.43,84.72,69.69,Medium
STU0496,24,Male,1,5.88,60.01,69.83,60.24,64.88,60.36,68.36,66.06,95.54,70.4,3,13,5,79.25,61.21,4,2,4,69.48,75.06,Yes,Research,77.47,69.9,62.23,43.31,Medium
STU0497,20,Male,2,6.49,73.31,62.2,62.52,47.48,65.53,74.0,72.86,62.5,69.61,4,16,4,71.52,81.42,5,9,2,69.81,65.06,No,Consulting,62.08,62.5,75.77,48.68,Medium
STU0498,21,Male,1,6.2,85.5,49.74,63.62,79.8,71.58,74.31,70.75,57.68,53.83,3,12,4,67.29,74.62,12,10,5,55.48,69.35,No,Healthcare,57.22,61.21,75.55,39.72,Low
STU0499,18,Female,1,6.47,67.5,80.65,56.9,66.39,63.51,73.15,84.33,75.84,59.51,3,10,3,57.81,70.72,5,4,4,78.83,64.88,Yes,Research,71.49,70.81,49.34,50.27,Medium
STU0500,21,Male,2,6.55,71.7,75.51,76.76,62.94,78.7,79.75,72.49,70.68,76.79,5,15,6,77.38,92.31,5,9,5,36.14,52.85,No,Consulting,49.78,67.23,100.0,67.41,Medium
STU0501,24,Male,4,6.54,63.69,57.44,60.96,74.63,94.3,64.72,89.63,69.65,71.59,1,7,10,85.91,66.55,8,8,4,65.49,59.54,Undecided,Education,76.62,75.0,68.62,45.82,Medium
STU0502,22,Female,3,8.2,85.07,63.0,80.89,62.81,60.19,73.45,67.51,88.91,97.23,5,18,10,84.25,95.48,4,4,4,74.43,63.98,Yes,Government,54.37,57.73,85.83,59.55,Medium
STU0503,22,Female,3,5.87,66.05,63.93,58.1,66.53,48.35,55.05,49.04,78.59,83.78,2,7,4,64.66,73.59,4,6,2,78.67,61.93,Yes,Government,67.83,66.09,72.57,36.26,Low
STU0504,25,Female,2,7.46,78.5,50.72,60.35,64.72,43.98,48.83,64.24,65.64,70.09,2,11,4,40.77,55.77,7,4,5,77.96,62.34,No,Research,77.82,62.76,54.49,20.0,Low
STU0505,24,Other,4,8.66,80.8,59.37,57.94,75.49,68.04,59.57,62.2,66.91,77.61,1,5,5,72.55,55.68,6,2,2,53.07,50.46,No,Research,49.53,64.33,55.57,31.73,Low
STU0506,18,Male,2,6.58,70.66,55.26,56.56,59.06,61.38,71.96,75.98,65.97,66.67,2,6,3,45.04,53.56,12,4,7,63.75,73.26,Yes,Healthcare,69.18,75.87,61.13,36.57,Low
STU0507,25,Male,1,6.34,77.3,64.64,61.69,82.75,72.7,70.49,38.09,82.5,95.3,3,12,5,65.12,60.69,7,8,3,72.12,56.24,Yes,Finance,73.86,63.15,69.75,45.22,Medium
STU0508,20,Female,3,6.92,75.42,60.4,76.54,43.86,71.72,55.45,65.4,68.3,82.23,5,11,6,52.99,84.71,8,5,4,58.74,66.83,Yes,Healthcare,69.46,71.28,61.68,66.26,Medium
STU0509,25,Female,1,8.62,94.31,48.85,64.4,66.47,49.16,66.9,58.19,50.48,74.68,5,18,4,71.56,67.57,3,2,3,72.66,50.73,Undecided,Finance,70.23,61.81,75.49,51.9,Medium
STU0510,19,Male,2,7.43,75.21,96.29,85.65,76.56,46.41,46.49,43.11,71.42,74.55,5,21,4,78.97,84.99,5,4,5,78.11,75.37,No,Healthcare,75.11,63.08,80.61,67.88,Medium
STU0511,18,Female,3,6.56,74.29,86.28,76.78,93.18,73.85,74.63,65.94,53.56,80.07,2,9,5,75.88,73.04,6,4,5,61.87,65.9,Yes,Healthcare,66.75,68.68,66.24,53.38,Medium
STU0512,19,Male,4,7.78,81.97,59.87,60.48,66.35,71.76,74.68,65.19,98.21,88.37,5,17,4,55.45,66.98,4,3,4,79.64,74.1,Yes,Finance,77.94,76.08,75.95,61.15,Medium
STU0513,24,Male,3,5.88,56.26,73.54,66.44,65.72,64.46,77.86,70.79,60.41,76.84,2,6,4,57.21,45.9,6,9,7,66.19,75.4,Yes,Manufacturing,67.45,71.17,38.89,40.05,Medium
STU0514,23,Female,3,8.02,84.41,75.43,83.28,80.11,48.46,79.62,51.57,70.06,55.82,4,12,5,69.8,54.12,7,4,4,57.76,52.99,Yes,Consulting,65.37,49.68,78.21,51.34,Medium
STU0515,19,Female,4,7.69,72.27,85.48,69.1,87.95,76.13,60.61,72.04,75.1,76.98,1,5,4,72.34,57.09,6,7,5,89.82,77.0,No,Information Technology,73.22,84.11,55.57,51.83,Medium
STU0516,20,Female,1,6.83,67.04,59.36,71.65,71.07,86.53,78.41,93.47,68.54,64.39,2,9,2,48.94,45.14,10,4,9,62.74,63.66,No,Consulting,60.84,76.39,60.1,55.97,Medium
STU0517,25,Male,2,6.19,67.04,84.2,69.56,68.01,73.61,70.36,74.4,68.52,84.83,5,21,4,73.72,93.26,9,7,3,48.45,53.85,Undecided,Government,61.53,58.74,80.95,55.89,Medium
STU0518,23,Female,2,6.14,67.34,62.88,63.0,61.74,58.98,70.88,77.26,77.06,85.6,5,12,2,66.85,66.22,7,8,2,62.33,70.2,Yes,Finance,53.8,65.78,74.07,37.2,Low
STU0519,25,Male,2,7.84,72.24,52.63,68.21,60.91,70.58,73.92,84.65,90.31,77.67,3,7,5,54.84,70.22,6,5,6,73.7,62.96,Yes,Information Technology,71.2,72.18,81.07,40.39,Medium
STU0520,19,Male,2,8.67,95.41,79.41,78.82,75.26,52.24,59.98,76.89,81.21,96.58,4,16,10,99.69,75.86,7,6,3,75.05,66.7,No,Government,79.84,65.71,76.58,67.79,Medium
STU0521,25,Female,4,6.44,71.96,86.78,79.54,87.23,83.75,73.28,97.03,89.74,93.16,1,5,1,69.3,43.59,0,2,5,53.66,55.68,No,Consulting,53.28,67.95,51.52,45.97,Medium
STU0522,24,Female,3,7.75,74.82,100.0,83.67,66.85,71.06,60.81,61.06,59.44,69.69,3,13,4,72.51,59.97,9,2,2,79.34,69.82,Yes,Consulting,78.03,66.67,63.5,60.51,Medium
STU0523,23,Female,3,4.7,41.54,54.4,55.05,65.26,47.01,71.03,55.99,75.81,84.53,3,15,2,47.93,72.93,8,5,6,69.36,80.51,No,Healthcare,75.26,57.28,77.49,16.46,Low
STU0524,24,Female,2,6.5,67.49,79.09,55.17,72.6,66.09,74.33,79.94,73.86,70.5,0,3,4,71.37,41.52,5,8,2,48.24,51.2,Yes,Manufacturing,59.22,68.75,41.23,35.97,Low
STU0525,19,Female,4,7.16,71.32,64.67,54.43,59.18,76.02,83.39,84.69,76.21,70.89,0,2,2,58.04,59.64,8,5,6,44.92,64.88,Yes,Finance,58.02,65.06,59.27,34.9,Low
STU0526,24,Female,4,6.11,65.78,80.18,79.03,68.67,65.67,66.45,76.98,88.51,82.37,0,1,3,71.46,55.61,14,5,3,73.18,64.39,No,Manufacturing,78.5,73.39,42.38,42.29,Medium
STU0527,20,Male,4,6.08,62.18,50.88,67.96,57.84,66.41,63.32,89.44,69.35,64.38,3,12,8,78.68,69.29,9,5,2,65.18,52.06,Yes,Finance,65.16,63.78,62.75,43.65,Medium
STU0528,19,Male,1,6.4,53.55,53.58,50.57,30.0,54.08,53.55,60.4,67.13,64.65,1,5,5,57.39,43.43,8,4,3,56.73,64.4,Undecided,Consulting,69.11,52.4,45.74,18.14,Low
STU0529,19,Male,3,7.55,75.23,59.91,66.34,57.94,77.37,78.41,79.9,78.41,87.54,2,4,2,55.45,78.22,5,9,4,60.69,69.1,Undecided,Research,72.16,73.35,61.49,56.85,Medium
STU0530,19,Male,1,6.98,70.68,71.03,74.06,62.31,61.57,57.31,51.69,50.66,65.11,2,6,4,57.13,53.97,7,7,3,68.53,55.12,Yes,Education,74.63,63.37,66.83,31.15,Low
STU0531,18,Female,2,4.51,55.03,61.67,67.56,71.25,41.97,77.37,91.2,69.16,49.75,2,9,3,59.24,54.85,7,5,0,68.16,67.49,Undecided,Finance,62.52,62.86,57.57,26.81,Low
STU0532,25,Female,1,4.66,47.05,78.57,50.6,67.16,65.17,56.25,59.94,70.39,65.89,3,12,7,83.12,90.76,3,5,4,68.18,79.57,No,Research,64.84,67.93,83.74,45.38,Medium
STU0533,18,Male,3,6.47,79.98,83.35,73.41,75.69,82.75,79.97,72.98,60.96,65.01,3,13,10,99.59,99.12,7,9,3,67.77,55.81,Undecided,Information Technology,72.33,68.15,81.4,61.79,Medium
STU0534,18,Male,3,7.75,66.37,77.79,70.57,90.21,64.97,84.91,69.8,84.68,81.42,2,7,7,81.57,68.23,6,4,3,99.58,89.64,Undecided,Education,92.32,67.28,70.03,63.14,Medium
STU0535,20,Female,1,4.0,55.18,91.04,80.91,92.02,92.59,87.66,74.09,59.25,68.35,2,8,6,89.88,84.79,6,5,1,62.34,58.86,Undecided,Healthcare,76.78,78.85,84.45,51.2,Medium
STU0536,23,Male,2,6.6,67.83,75.41,92.66,82.5,75.58,75.77,64.66,70.37,83.09,2,4,1,56.34,53.41,4,4,6,80.94,74.64,Yes,Research,62.2,77.42,63.31,55.72,Medium
STU0537,25,Female,3,6.57,75.15,54.18,63.86,56.8,74.4,63.8,62.65,75.52,82.13,4,16,4,64.52,97.28,6,2,5,79.12,89.32,No,Consulting,81.37,74.05,84.15,61.73,Medium
STU0538,24,Female,2,8.87,90.39,87.72,74.85,85.68,68.33,56.93,48.62,88.24,92.92,2,6,4,66.99,50.68,8,8,3,61.28,70.82,No,Government,67.23,69.48,45.94,43.49,Medium
STU0539,22,Male,1,6.74,78.64,62.13,73.7,63.83,69.11,78.8,63.43,71.87,68.06,1,4,8,68.61,49.3,2,5,6,44.52,56.35,Yes,Finance,61.03,54.0,51.97,29.51,Low
STU0540,19,Female,2,7.66,76.23,81.84,89.08,75.05,66.58,85.02,97.79,83.23,83.89,3,13,8,85.47,90.32,3,5,6,63.7,64.22,Undecided,Research,79.8,77.71,81.25,72.68,High
STU0541,24,Female,4,7.37,68.64,90.46,80.6,85.85,66.07,65.34,76.21,80.41,90.86,2,11,4,75.15,64.17,7,8,4,45.15,62.06,Undecided,Consulting,57.09,49.29,64.88,51.31,Medium
STU0542,19,Male,1,4.64,61.7,75.94,63.51,67.8,76.9,63.21,80.46,73.48,62.44,4,9,3,61.84,87.46,2,6,2,42.82,57.14,Undecided,Research,57.21,60.07,72.22,37.12,Low
STU0543,20,Female,1,8.12,82.29,50.55,74.21,74.73,57.83,41.44,71.09,58.93,87.68,2,6,6,64.23,58.03,6,5,3,62.37,62.44,No,Information Technology,52.41,59.35,54.85,36.57,Low
STU0544,19,Female,2,7.46,78.69,58.06,73.98,62.33,56.01,55.4,83.4,54.79,64.03,3,6,2,52.09,70.43,4,8,3,71.19,58.88,Yes,Government,69.65,60.03,73.12,38.22,Low
STU0545,18,Male,4,7.81,88.93,87.2,77.16,86.14,55.4,63.79,42.92,73.28,70.44,0,3,2,58.38,41.42,5,6,5,66.79,62.91,No,Healthcare,69.14,60.93,50.58,34.52,Low
STU0546,25,Female,3,10.0,92.78,67.8,81.03,83.85,96.59,99.46,72.2,65.49,79.79,2,9,4,64.12,61.89,7,8,2,45.54,54.7,No,Information Technology,50.65,70.8,69.71,58.2,Medium
STU0547,22,Female,3,4.7,56.47,71.03,74.71,81.38,76.89,81.33,66.04,83.03,76.12,2,7,4,48.95,43.77,5,2,7,51.78,51.27,No,Healthcare,58.34,64.87,72.59,28.73,Low
STU0548,21,Female,2,9.27,89.3,79.86,91.65,61.83,73.96,76.33,67.57,80.95,88.75,4,17,9,99.09,88.16,9,7,4,72.26,73.27,No,Consulting,74.91,70.44,72.87,92.98,High
STU0549,19,Female,3,6.86,70.81,79.05,74.82,79.93,56.25,61.31,59.91,69.78,62.06,5,13,5,77.57,77.25,5,5,7,79.3,79.33,Yes,Finance,89.77,63.41,84.68,67.89,Medium
STU0550,24,Female,1,7.54,78.37,73.62,72.69,81.0,78.1,69.31,66.42,58.11,73.77,2,11,7,97.66,96.79,7,2,6,57.49,57.76,No,Research,55.76,68.67,79.61,52.9,Medium
STU0551,18,Female,3,7.15,63.85,67.29,77.45,77.93,68.48,84.87,77.46,78.13,64.62,4,8,5,62.86,70.94,3,7,3,69.58,70.2,No,Government,64.67,80.72,82.01,55.25,Medium
STU0552,21,Female,4,6.69,64.76,65.94,57.66,57.13,72.78,74.76,72.78,59.78,52.2,3,7,2,49.05,50.64,5,1,7,73.09,57.44,No,Government,62.04,61.4,67.31,36.33,Low
STU0553,22,Female,3,6.52,78.14,81.15,82.38,70.06,57.3,44.76,49.32,62.9,62.86,5,12,7,84.8,95.84,6,1,3,95.9,78.25,No,Government,82.49,69.96,88.23,57.26,Medium
STU0554,21,Female,4,7.6,84.6,77.2,68.39,84.41,72.08,65.7,42.91,60.25,65.93,4,11,3,61.75,61.62,1,3,5,93.72,86.78,Yes,Manufacturing,76.39,82.92,71.01,68.39,Medium
STU0555,18,Female,4,5.38,57.98,66.66,73.81,61.05,64.49,60.44,53.36,70.34,71.09,0,2,9,100.0,73.77,6,7,3,78.94,72.57,No,Research,74.09,78.14,76.61,39.1,Low
STU0556,25,Female,1,8.1,84.6,84.07,80.38,75.24,60.05,61.56,57.97,86.04,90.79,3,6,6,76.16,67.88,2,9,2,39.28,58.77,Undecided,Healthcare,53.49,75.48,77.59,44.77,Medium
STU0557,25,Male,4,6.7,68.24,68.32,79.78,85.33,79.54,81.42,73.42,71.94,57.21,2,6,4,62.68,61.69,8,1,2,92.18,77.92,Undecided,Government,94.25,87.48,76.84,46.24,Medium
STU0558,23,Female,1,5.84,72.06,58.93,70.67,63.93,50.01,61.43,48.45,66.68,73.39,0,3,5,61.13,47.55,7,2,3,77.09,71.94,Yes,Consulting,74.0,59.17,52.38,13.71,Low
STU0559,25,Female,3,6.66,68.54,60.13,56.26,57.8,77.34,74.03,67.36,53.69,54.51,1,7,3,68.23,55.75,3,3,5,60.26,65.56,No,Manufacturing,73.92,74.4,55.75,28.27,Low
STU0560,23,Male,1,8.71,90.01,57.28,83.68,54.73,78.9,88.64,65.18,78.63,85.75,5,13,3,58.95,79.2,10,9,1,99.57,68.66,Undecided,Government,89.64,82.48,70.52,65.7,Medium
STU0561,21,Female,1,6.56,77.06,66.46,84.29,71.88,58.56,59.39,61.92,62.64,65.16,5,21,6,85.83,82.7,7,2,4,65.26,77.3,Yes,Healthcare,72.39,59.4,88.08,58.1,Medium
STU0562,20,Male,2,7.63,73.23,86.04,86.41,65.99,59.34,85.34,59.83,73.41,63.19,4,14,2,83.43,71.45,5,5,5,100.0,86.07,Yes,Manufacturing,89.13,73.33,71.42,68.24,Medium
STU0563,24,Male,2,6.32,77.79,59.53,62.92,62.27,67.1,63.48,56.81,67.75,79.75,5,21,7,69.73,83.28,2,5,3,53.07,71.43,No,Finance,67.64,53.49,82.69,41.02,Medium
STU0564,24,Female,3,8.11,72.28,72.45,70.45,75.18,73.67,74.04,56.63,82.06,69.63,4,15,9,98.98,84.61,10,2,5,63.58,77.17,Yes,Information Technology,75.12,60.47,100.0,69.65,Medium
STU0565,21,Male,3,8.02,93.59,61.46,76.58,78.79,68.01,67.79,66.89,70.11,75.95,0,3,4,59.46,35.99,5,2,2,39.13,40.98,No,Research,43.25,51.06,54.63,40.02,Medium
STU0566,19,Female,1,9.42,92.17,66.62,71.61,75.32,75.64,75.27,62.86,71.29,58.67,1,2,5,62.82,62.27,5,5,5,63.04,60.4,Undecided,Finance,68.61,68.91,47.44,44.34,Medium
STU0567,19,Female,1,6.99,71.21,50.37,76.13,52.56,92.92,86.26,92.3,77.83,81.79,0,0,1,30.9,37.2,4,3,5,88.07,57.41,Yes,Healthcare,74.09,86.88,23.94,47.18,Medium
STU0568,25,Female,3,8.0,68.77,67.13,70.43,80.71,63.4,72.87,74.22,97.28,85.64,0,3,8,100.0,54.13,4,6,6,61.64,53.0,Yes,Government,65.1,59.4,49.89,42.57,Medium
STU0569,24,Male,2,7.32,72.7,67.48,49.18,66.12,47.7,53.93,57.96,82.66,75.29,1,3,2,61.63,53.27,6,1,5,57.45,47.05,Yes,Education,68.81,47.52,51.05,20.35,Low
STU0570,24,Male,4,8.76,81.56,77.02,80.92,62.0,80.74,65.1,61.4,70.94,61.08,2,9,5,70.15,63.61,6,9,3,88.77,49.48,No,Information Technology,69.74,86.12,62.32,54.35,Medium
STU0571,23,Female,3,6.34,62.81,72.9,67.0,70.37,91.88,100.0,90.54,72.04,79.48,4,11,5,75.49,68.89,7,4,3,72.36,63.95,No,Government,56.05,70.94,84.82,66.62,Medium
STU0572,20,Other,4,8.09,81.85,54.42,67.54,76.31,75.11,68.96,79.2,65.7,67.36,4,14,5,49.58,100.0,9,6,1,72.05,73.97,Yes,Manufacturing,72.94,67.08,82.32,59.82,Medium
STU0573,18,Female,3,6.97,79.43,84.09,77.69,79.9,55.86,72.13,68.92,60.6,66.9,3,10,12,100.0,82.92,5,4,8,53.56,73.3,Undecided,Information Technology,57.24,57.7,87.3,52.74,Medium
STU0574,19,Male,2,7.12,75.53,72.73,80.62,72.13,68.39,54.7,83.49,65.37,91.85,5,13,2,49.36,72.54,8,3,2,54.84,65.15,Undecided,Information Technology,64.32,73.47,68.1,39.22,Low
STU0575,24,Female,3,7.31,77.94,72.58,83.9,88.29,55.46,62.16,69.14,62.73,64.77,2,4,2,66.97,88.16,5,3,8,66.3,74.75,Yes,Government,63.94,68.04,65.62,40.91,Medium
STU0576,23,Female,2,7.5,69.83,69.88,73.15,56.12,78.36,73.99,84.45,79.84,80.07,4,15,6,86.56,88.19,5,1,5,41.02,60.8,Yes,Finance,53.96,60.24,78.63,63.31,Medium
STU0577,22,Female,2,7.06,67.37,63.27,64.34,53.94,52.43,68.32,66.62,59.15,71.38,2,5,7,84.27,82.8,6,7,0,82.01,71.47,Yes,Healthcare,88.33,64.67,85.2,54.2,Medium
STU0578,23,Male,4,7.46,89.73,72.83,78.85,55.9,66.1,42.52,67.51,88.0,86.32,1,6,4,73.07,61.17,8,6,4,79.18,69.08,No,Consulting,87.63,69.46,56.25,57.56,Medium
STU0579,19,Female,2,9.09,86.66,76.18,79.77,77.63,56.94,67.28,56.22,81.02,82.18,5,22,4,61.46,80.23,8,8,0,76.26,62.95,Yes,Consulting,73.88,53.99,66.74,60.53,Medium
STU0580,19,Female,4,8.38,97.01,47.29,63.81,59.67,71.65,60.75,61.67,72.25,84.02,2,8,6,72.29,57.36,4,6,0,50.26,48.52,No,Finance,48.29,63.2,62.66,39.67,Low
STU0581,23,Female,4,8.24,82.46,63.0,76.84,82.08,65.24,72.6,73.91,72.0,77.91,2,5,5,56.01,66.09,7,6,6,80.56,63.01,No,Healthcare,79.42,68.84,73.79,50.48,Medium
STU0582,18,Male,4,6.65,69.87,66.69,73.15,71.11,72.3,62.17,71.94,65.31,68.58,2,7,6,61.23,79.98,2,3,5,57.19,63.73,Undecided,Education,59.79,64.77,65.81,47.99,Medium
STU0583,21,Female,4,6.13,72.66,73.33,85.75,68.29,70.29,63.08,73.74,75.24,86.6,3,11,4,64.82,84.7,6,3,3,88.61,60.26,Undecided,Research,65.54,74.04,72.14,58.42,Medium
STU0584,19,Female,2,8.35,94.05,85.51,96.44,79.05,57.17,62.99,77.54,85.06,71.62,5,17,6,84.17,76.56,3,3,6,65.42,78.7,Yes,Finance,85.66,69.67,73.79,76.6,High
STU0585,23,Male,2,8.25,83.47,59.97,65.72,66.16,78.15,64.64,53.06,63.56,82.48,0,0,7,80.77,75.9,5,10,4,71.17,72.8,No,Government,72.43,73.38,67.53,40.05,Medium
STU0586,24,Female,3,8.97,88.01,63.53,80.95,50.22,69.37,66.46,56.91,53.6,79.28,4,9,4,52.18,61.6,3,11,5,79.46,87.71,Yes,Research,85.31,74.23,75.01,71.5,High
STU0587,23,Female,2,6.48,67.93,63.34,59.67,93.94,57.15,53.78,63.87,80.44,79.19,0,0,3,44.76,33.5,3,6,4,74.5,61.24,Yes,Education,67.68,68.45,40.38,25.4,Low
STU0588,20,Male,3,6.92,74.65,59.58,73.51,69.97,99.13,66.28,67.29,75.89,83.95,2,8,5,62.24,53.04,5,5,5,21.92,38.94,No,Healthcare,42.23,55.92,65.89,39.79,Low
STU0589,21,Male,3,5.23,63.31,65.49,62.5,70.12,76.19,84.47,100.0,58.56,63.89,1,6,4,55.91,49.45,5,7,6,44.1,47.17,No,Information Technology,45.57,53.27,29.14,10.94,Low
STU0590,22,Female,3,6.73,70.6,80.02,67.53,82.16,68.01,57.64,71.37,63.2,51.85,3,12,4,72.9,52.83,5,4,5,58.22,81.13,No,Education,68.79,66.98,79.89,38.7,Low
STU0591,18,Male,2,8.4,89.93,56.3,74.05,70.06,88.4,77.99,76.46,61.69,74.33,0,0,7,66.6,52.17,9,6,5,76.09,67.66,Undecided,Education,79.34,82.42,53.92,46.59,Medium
STU0592,25,Female,1,6.64,81.23,75.56,56.04,72.15,93.94,89.8,76.73,63.31,63.5,2,9,9,100.0,74.4,5,9,6,95.79,65.53,Undecided,Government,79.78,84.17,71.05,80.27,High
STU0593,22,Male,2,7.97,84.4,47.88,52.08,52.02,68.11,64.5,61.84,68.12,68.39,1,5,0,39.66,47.28,5,8,5,65.4,72.59,Yes,Healthcare,63.93,74.2,44.5,20.51,Low
STU0594,21,Female,1,6.97,74.91,62.7,68.01,72.48,74.52,65.28,69.84,68.8,60.68,1,6,2,50.77,46.35,3,1,6,82.17,72.42,No,Healthcare,83.77,73.37,68.22,35.26,Low
STU0595,21,Male,4,7.59,67.68,65.72,68.92,72.0,57.16,67.98,67.43,64.19,63.65,4,17,4,53.82,54.61,5,7,4,80.18,61.6,Undecided,Research,70.11,74.92,67.58,47.68,Medium
STU0596,21,Female,2,5.82,43.96,91.77,68.73,74.37,68.09,81.82,68.18,62.9,53.89,1,3,4,61.55,53.02,11,7,5,49.9,77.33,Undecided,Government,61.85,64.25,58.73,46.18,Medium
STU0597,22,Female,1,7.3,78.42,66.43,59.71,82.73,67.41,58.64,62.1,69.25,51.82,1,5,3,55.68,65.48,6,4,6,69.92,70.06,No,Finance,63.08,72.55,57.48,39.03,Low
STU0598,24,Female,1,4.0,45.34,41.38,42.95,57.69,72.4,71.08,87.11,74.01,69.37,1,4,2,39.85,36.84,5,6,3,60.97,68.01,Undecided,Finance,77.07,72.29,40.77,0.0,Low
STU0599,21,Female,3,6.98,69.22,44.01,62.16,63.5,74.33,56.12,82.84,68.2,89.67,3,13,8,61.55,58.85,6,6,2,56.2,63.0,Yes,Healthcare,69.79,69.07,53.52,36.47,Low
STU0600,23,Male,3,5.24,58.86,70.44,71.95,84.66,77.28,70.84,75.14,85.9,76.83,3,12,8,95.63,85.8,6,2,5,95.52,100.0,Yes,Research,91.21,85.62,88.17,60.61,Medium
STU0601,22,Female,2,8.65,87.43,77.98,80.56,75.11,73.09,73.23,55.81,78.1,77.2,0,0,3,53.45,34.0,10,5,2,75.73,63.49,Undecided,Education,65.2,69.66,41.73,33.75,Low
STU0602,25,Male,1,8.13,91.06,74.88,89.82,76.35,54.26,55.87,67.58,52.91,72.25,1,3,5,74.03,62.87,4,5,4,57.48,53.13,No,Research,64.21,59.33,61.15,42.1,Medium
STU0603,21,Male,2,7.76,80.44,72.18,78.81,79.8,57.8,61.44,82.61,78.28,72.85,2,8,6,78.8,72.96,6,6,5,61.05,59.57,Yes,Government,66.14,66.66,78.44,55.04,Medium
STU0604,23,Male,2,9.03,86.04,85.11,77.43,71.56,62.9,54.22,79.14,79.27,79.71,2,9,4,56.84,54.11,8,8,4,71.94,78.08,No,Manufacturing,71.82,76.28,64.63,67.61,Medium
STU0605,24,Male,3,6.06,71.47,62.99,66.12,67.19,66.33,70.62,78.11,66.78,69.72,4,11,4,58.97,65.09,4,3,3,75.57,69.96,Yes,Finance,72.85,65.55,66.45,47.17,Medium
STU0606,20,Female,3,9.3,92.18,81.63,72.77,78.15,83.66,88.2,96.85,54.06,65.91,4,11,4,57.29,57.83,8,4,3,40.64,50.52,No,Healthcare,55.11,58.8,71.7,53.45,Medium
STU0607,24,Female,2,8.32,88.57,48.78,67.09,49.27,54.88,53.72,61.16,72.1,92.78,3,14,6,70.33,63.22,9,5,6,89.97,81.92,Yes,Manufacturing,85.76,64.25,74.81,52.31,Medium
STU0608,25,Male,2,6.92,68.94,58.24,74.23,87.21,65.35,63.18,73.99,71.91,57.32,2,6,6,70.88,71.03,8,6,5,73.06,83.86,Yes,Manufacturing,79.81,63.79,61.08,60.19,Medium
STU0609,21,Male,4,8.56,82.49,46.51,70.28,43.51,82.39,82.1,69.16,58.54,77.9,3,9,5,60.66,75.65,5,5,4,56.15,79.25,Yes,Government,69.83,75.41,65.78,54.42,Medium
STU0610,25,Other,3,5.87,63.42,66.43,78.31,55.56,66.1,81.87,76.69,54.59,62.66,4,19,2,46.69,68.31,7,5,4,100.0,81.69,Yes,Manufacturing,93.7,81.31,69.53,56.08,Medium
STU0611,22,Male,3,6.21,65.98,69.4,66.9,83.31,75.99,59.26,83.69,70.95,86.49,3,10,1,58.74,60.35,1,6,1,76.54,75.14,No,Manufacturing,71.84,82.13,70.8,42.66,Medium
STU0612,19,Male,1,6.47,71.59,71.48,82.99,78.45,68.19,69.0,62.12,69.2,73.88,4,17,5,67.0,76.53,6,9,11,93.23,75.41,No,Information Technology,84.47,75.99,78.47,61.23,Medium
STU0613,21,Male,3,6.57,67.25,70.8,68.85,60.68,73.34,75.83,62.54,66.99,65.4,3,12,2,42.96,52.0,6,6,5,88.66,82.25,No,Finance,78.63,75.91,61.06,41.22,Medium
STU0614,19,Female,1,5.93,50.52,57.94,70.53,69.94,67.03,69.14,70.13,71.0,61.75,3,6,7,67.72,71.88,10,7,5,100.0,78.19,No,Manufacturing,82.82,88.8,66.91,52.48,Medium
STU0615,23,Female,3,8.67,85.0,67.53,74.96,83.82,78.67,50.63,62.67,58.77,72.74,1,7,7,62.58,63.5,6,6,4,85.88,61.57,Yes,Manufacturing,88.52,73.43,51.37,53.21,Medium
STU0616,20,Male,4,6.89,77.57,50.53,70.55,59.49,49.91,67.47,71.88,66.78,61.9,3,9,3,47.45,57.33,4,6,4,84.17,63.14,No,Government,65.0,55.65,64.59,35.97,Low
STU0617,18,Male,2,7.62,76.5,87.72,93.05,100.0,65.28,84.57,68.48,78.4,68.39,1,5,10,93.43,60.34,9,7,6,81.48,67.36,Undecided,Healthcare,79.92,65.96,61.64,70.9,High
STU0618,25,Female,1,6.52,66.96,66.05,66.61,51.09,73.86,74.4,93.13,67.8,52.71,4,9,8,88.67,79.59,4,2,6,91.6,81.99,Yes,Consulting,100.0,73.33,78.85,61.38,Medium
STU0619,24,Female,1,5.02,62.08,63.64,67.11,73.94,76.94,64.31,54.27,51.94,54.0,4,8,6,76.85,90.62,7,8,2,61.56,49.47,Undecided,Healthcare,72.37,71.82,67.19,27.15,Low
STU0620,20,Male,2,7.52,72.7,90.66,91.55,93.53,89.41,75.1,91.68,66.33,71.19,4,15,2,63.43,100.0,8,3,5,76.23,78.77,Yes,Consulting,80.81,75.8,75.34,75.81,High
STU0621,21,Female,1,4.91,43.39,53.85,53.35,70.53,64.92,86.91,65.47,59.16,60.64,2,11,5,71.42,72.05,6,3,6,61.76,78.26,Yes,Information Technology,83.56,75.82,64.1,31.48,Low
STU0622,19,Male,1,7.12,72.96,55.37,54.89,60.41,89.23,89.25,59.99,75.21,55.29,1,4,9,74.95,60.25,4,4,2,83.98,67.2,Yes,Manufacturing,79.12,80.36,53.7,36.75,Low
STU0623,24,Male,4,5.56,56.65,55.75,77.06,59.76,61.43,74.04,72.13,75.83,66.34,0,3,5,67.06,42.09,9,8,2,65.52,59.87,No,Information Technology,63.37,64.59,43.46,21.7,Low
STU0624,19,Female,3,9.58,89.46,69.12,73.66,74.46,87.27,82.84,75.76,52.09,77.01,3,13,6,62.69,57.72,5,5,2,66.64,63.89,Yes,Government,67.5,79.98,65.93,58.22,Medium
STU0625,22,Male,2,8.29,83.38,75.61,79.48,81.74,80.63,69.67,59.23,81.11,77.05,4,8,11,97.65,92.34,6,5,2,41.39,48.55,No,Consulting,56.92,68.72,92.67,74.68,High
STU0626,19,Female,4,7.33,79.41,79.62,87.87,81.82,58.13,64.15,44.81,58.65,64.68,3,10,3,65.6,61.44,6,9,5,99.9,94.58,Undecided,Government,100.0,75.48,71.46,53.12,Medium
STU0627,22,Male,1,8.72,88.41,100.0,86.08,97.4,73.99,72.52,71.78,90.71,79.45,1,3,7,85.75,75.52,5,3,8,51.4,48.09,Yes,Healthcare,62.4,68.73,73.66,56.09,Medium
STU0628,23,Male,4,6.18,67.77,40.76,49.0,44.23,69.33,76.69,83.88,71.41,65.28,5,13,6,77.33,79.9,8,6,4,76.42,65.88,Undecided,Consulting,71.83,71.27,91.24,38.15,Low
STU0629,24,Other,2,7.85,93.34,77.91,84.76,72.57,78.13,90.25,86.14,57.04,69.05,5,22,11,99.48,100.0,4,8,6,79.2,59.07,Yes,Finance,66.85,75.61,100.0,85.17,High
STU0630,24,Male,4,7.44,74.56,62.76,54.99,57.12,67.1,81.38,73.94,58.3,70.15,2,10,5,73.37,62.25,7,11,5,91.15,82.66,Undecided,Research,71.37,66.36,64.24,38.18,Low
STU0631,18,Female,3,7.52,79.63,62.38,68.64,62.45,66.01,55.51,69.68,76.18,96.49,3,14,8,79.72,86.22,9,4,5,62.61,69.05,Undecided,Education,66.39,69.93,73.81,58.15,Medium
STU0632,21,Male,4,8.73,85.01,61.94,74.59,76.22,87.8,81.75,78.24,67.3,68.25,4,9,4,62.73,80.82,4,6,5,49.62,69.9,Yes,Education,54.55,65.6,81.03,62.08,Medium
STU0633,22,Male,4,8.08,76.8,58.19,65.91,65.08,68.72,78.29,55.42,70.84,70.27,3,11,6,67.45,78.45,6,4,8,84.42,82.15,No,Consulting,88.23,83.18,60.35,57.03,Medium
STU0634,18,Male,2,7.55,73.86,91.9,69.86,100.0,80.74,82.52,60.02,91.35,77.79,5,11,3,68.58,81.75,9,4,2,87.44,73.52,Yes,Information Technology,78.31,91.52,80.27,81.96,High
STU0635,19,Female,4,5.21,53.54,80.95,82.92,78.46,67.07,63.89,64.69,63.61,56.64,0,3,6,92.15,55.22,9,7,4,75.52,60.7,Yes,Healthcare,77.04,59.9,54.68,46.42,Medium
STU0636,19,Male,2,6.05,66.97,70.3,70.9,71.26,91.67,100.0,83.99,72.72,80.14,3,9,8,96.95,91.88,6,8,6,70.72,73.23,Undecided,Government,90.01,87.86,77.72,59.67,Medium
STU0637,18,Female,2,7.05,89.89,87.56,97.31,81.22,61.18,54.76,72.67,89.04,61.84,3,14,2,56.75,83.63,10,3,6,69.47,63.49,No,Education,67.57,67.71,65.64,53.77,Medium
STU0638,24,Male,2,7.31,70.78,50.34,60.35,53.31,62.02,57.08,72.57,75.25,67.57,4,17,4,55.79,61.29,9,5,3,53.43,65.82,Undecided,Manufacturing,63.22,58.14,73.69,29.38,Low
STU0639,19,Female,3,5.84,59.64,52.7,52.55,60.41,89.82,82.75,86.68,52.72,69.05,4,19,3,53.85,75.3,12,4,1,36.37,40.25,No,Finance,48.0,53.16,88.13,36.58,Low
STU0640,25,Male,1,10.0,99.56,41.69,70.76,66.21,64.22,90.07,72.22,78.06,80.62,5,13,4,59.73,83.61,2,2,6,94.85,75.04,Yes,Healthcare,81.97,55.56,85.02,68.07,Medium
STU0641,23,Female,3,9.02,93.95,60.91,73.57,66.64,90.81,72.5,59.51,58.04,67.91,2,10,8,96.15,77.12,7,8,7,70.19,72.72,No,Information Technology,72.85,85.37,61.27,56.72,Medium
STU0642,23,Female,3,7.92,83.12,72.1,67.11,63.72,81.59,74.06,79.26,88.88,84.72,4,11,8,95.52,100.0,8,2,4,82.32,87.13,Yes,Government,80.09,88.06,87.92,73.87,High
STU0643,25,Female,4,7.29,84.6,71.34,88.47,61.99,67.99,81.37,79.78,62.13,81.41,2,11,1,47.83,48.38,4,5,2,64.72,61.97,Yes,Healthcare,75.32,62.34,49.28,36.04,Low
STU0644,18,Female,4,6.95,55.57,71.94,61.84,67.06,46.43,60.71,32.19,100.0,76.35,2,11,4,68.4,75.34,6,0,5,64.72,87.87,Yes,Government,73.37,57.51,59.14,44.37,Medium
STU0645,25,Female,2,6.06,47.83,51.66,40.27,61.15,69.75,68.04,59.24,89.61,61.41,1,5,7,74.89,58.18,6,3,2,63.02,74.88,No,Finance,60.83,68.78,59.58,11.23,Low
STU0646,22,Female,2,7.29,72.14,80.44,87.07,88.18,71.32,77.75,64.75,62.44,73.09,4,11,6,73.31,54.96,4,11,2,67.06,59.43,Yes,Consulting,57.84,66.7,65.93,67.71,Medium
STU0647,22,Male,2,7.51,85.27,73.12,73.71,58.81,85.17,81.05,79.08,72.24,72.9,5,18,9,98.7,79.91,4,4,4,86.91,77.45,Yes,Healthcare,75.33,87.12,83.1,83.23,High
STU0648,18,Male,1,5.71,50.43,79.53,63.58,72.54,90.65,91.1,72.91,81.04,73.67,1,5,7,62.72,56.44,2,6,2,72.0,69.75,Yes,Consulting,68.68,78.19,62.42,35.69,Low
STU0649,25,Female,1,7.6,57.35,45.39,41.37,58.41,61.1,80.41,70.96,81.4,82.84,0,3,10,93.94,74.78,11,5,5,95.22,48.87,No,Information Technology,81.08,73.91,68.36,43.78,Medium
STU0650,22,Female,2,7.01,77.09,74.05,89.23,54.39,80.42,79.26,73.32,77.31,51.72,4,11,6,79.21,91.5,9,6,5,53.0,46.4,Yes,Manufacturing,60.77,60.61,95.64,76.03,High
STU0651,24,Female,2,4.91,55.9,54.56,48.8,53.67,79.95,78.89,73.69,87.03,71.67,3,10,12,84.64,77.91,6,8,3,67.35,69.06,Yes,Healthcare,75.75,73.87,67.07,42.11,Medium
STU0652,25,Male,4,6.17,57.9,64.83,64.91,60.86,83.95,79.92,68.36,70.52,50.8,5,13,8,74.36,73.29,5,6,7,69.21,78.34,Yes,Research,73.68,80.66,69.04,49.46,Medium
STU0653,24,Male,3,6.7,63.4,76.95,79.12,66.36,76.48,79.31,67.21,67.6,89.45,1,7,3,45.41,37.09,8,5,4,80.94,72.85,No,Information Technology,83.88,73.45,44.31,49.7,Medium
STU0654,22,Male,2,9.47,88.44,71.18,81.36,73.07,44.75,60.69,47.47,67.84,72.09,0,0,3,73.49,58.6,5,9,4,59.5,52.69,No,Consulting,58.5,52.81,52.73,43.69,Medium
STU0655,23,Female,3,7.87,81.6,58.93,69.6,62.81,67.98,70.58,74.26,82.3,84.97,2,7,8,72.69,65.65,4,3,4,87.29,97.67,Yes,Consulting,75.62,90.32,71.45,49.57,Medium
STU0656,22,Male,1,5.6,56.02,70.08,52.53,64.99,54.98,76.71,75.45,76.38,67.2,0,3,2,61.81,59.43,6,4,5,79.54,78.51,Yes,Manufacturing,84.91,75.83,56.74,24.18,Low
STU0657,24,Male,2,7.78,83.48,50.09,60.28,63.83,67.37,85.48,65.51,75.5,69.64,1,4,4,65.1,53.72,7,6,5,94.0,88.09,Undecided,Education,83.33,70.97,61.66,44.71,Medium
STU0658,20,Female,3,5.34,40.0,84.95,68.73,95.95,82.74,62.16,88.69,81.54,55.16,1,5,4,68.77,50.79,7,7,3,62.39,72.17,No,Healthcare,66.82,74.92,44.89,51.01,Medium
STU0659,21,Male,3,8.5,80.5,67.33,67.18,85.42,73.97,73.39,68.4,47.39,81.66,1,4,5,63.25,53.52,3,5,6,45.05,64.24,No,Manufacturing,55.22,51.95,54.27,32.07,Low
STU0660,19,Female,2,6.63,61.79,84.54,76.3,59.27,84.93,71.33,92.56,75.72,77.95,0,2,6,83.69,58.35,4,3,3,84.48,71.42,No,Consulting,81.67,82.14,44.54,45.4,Medium
STU0661,25,Male,4,7.09,72.02,63.16,74.08,72.51,74.44,70.39,63.54,74.62,90.09,5,13,4,63.83,60.2,8,4,5,86.4,84.27,No,Education,84.49,73.13,82.7,76.49,High
STU0662,20,Female,4,8.79,85.34,63.19,81.0,64.97,53.12,67.93,40.74,92.03,82.98,1,2,7,84.61,69.57,6,3,4,35.24,50.1,Yes,Government,46.79,48.86,60.11,35.64,Low
STU0663,22,Male,3,5.66,66.52,60.07,55.5,66.59,37.23,63.45,64.34,53.66,66.97,2,9,7,66.64,65.08,7,3,2,78.49,76.2,No,Consulting,88.18,63.25,64.02,35.45,Low
STU0664,23,Male,3,5.52,46.66,81.39,85.53,72.78,71.93,71.25,73.9,90.69,66.13,4,10,6,86.67,93.14,1,2,3,74.67,68.89,Undecided,Government,72.08,72.87,73.44,56.37,Medium
STU0665,18,Male,3,6.5,68.82,60.78,72.58,66.6,67.22,51.12,63.11,72.9,68.37,3,6,3,67.05,77.62,4,4,7,61.84,76.56,No,Healthcare,67.97,62.77,64.99,53.66,Medium
STU0666,22,Male,2,8.45,89.96,78.38,81.74,76.62,57.3,56.13,54.26,77.87,70.47,3,10,6,75.38,83.98,4,2,8,93.34,85.45,No,Research,92.57,65.35,73.12,73.28,High
STU0667,23,Male,2,5.38,71.42,65.03,77.98,61.98,47.89,70.52,64.24,92.11,78.39,3,8,4,55.11,81.85,8,3,7,63.65,62.41,Undecided,Healthcare,73.66,60.07,68.09,41.46,Medium
STU0668,21,Male,1,4.0,42.63,44.31,68.78,47.41,60.45,39.8,50.91,78.73,56.44,4,16,5,56.64,73.05,8,3,2,95.54,70.76,No,Finance,89.0,67.92,71.97,28.86,Low
STU0669,22,Female,3,6.66,72.21,62.59,56.93,61.94,67.47,82.24,70.02,76.8,77.29,4,11,4,56.79,49.65,8,8,8,84.08,92.64,Undecided,Healthcare,81.08,75.02,71.08,48.82,Medium
STU0670,24,Male,3,7.86,68.11,54.67,61.64,64.41,78.66,80.61,85.98,74.91,72.84,3,9,5,62.69,76.69,6,4,6,80.75,81.7,Undecided,Healthcare,82.5,70.63,78.3,47.17,Medium
STU0671,18,Female,2,8.64,71.02,70.44,52.53,76.73,72.45,85.76,78.34,66.2,72.31,4,16,6,68.75,88.49,2,6,3,77.3,79.1,No,Manufacturing,78.06,60.35,84.06,64.55,Medium
STU0672,23,Female,4,6.64,75.67,54.52,67.56,70.52,90.9,78.92,85.67,71.66,88.06,2,8,3,57.73,57.82,10,6,3,80.99,78.75,No,Information Technology,77.65,86.08,60.71,54.94,Medium
STU0673,23,Female,4,6.71,70.35,82.04,79.46,72.18,56.54,44.83,55.04,63.41,68.31,1,5,5,78.81,42.36,7,6,4,61.08,58.68,Undecided,Finance,56.48,56.85,53.17,37.43,Low
STU0674,23,Male,4,8.58,95.47,68.82,79.07,72.69,81.45,80.96,72.59,71.47,86.67,4,19,3,56.21,81.88,5,1,4,52.06,45.63,No,Healthcare,55.94,60.1,71.12,74.02,High
STU0675,21,Male,3,4.96,45.03,67.69,55.98,78.85,70.61,84.52,61.39,43.97,72.42,2,9,2,38.06,52.03,7,3,1,95.5,78.9,No,Manufacturing,93.2,86.2,52.09,24.3,Low
STU0676,22,Male,4,6.73,74.21,78.53,59.92,86.85,79.03,84.81,73.0,77.15,85.88,4,13,5,76.03,66.07,3,4,3,61.49,60.82,Undecided,Consulting,75.37,74.01,78.08,56.91,Medium
STU0677,21,Male,1,7.43,89.95,82.53,86.61,76.8,64.33,62.32,26.04,70.54,88.02,0,0,8,77.08,53.16,7,3,3,66.82,71.29,No,Government,78.09,69.07,49.63,44.43,Medium
STU0678,25,Other,4,7.74,82.6,69.74,86.94,68.15,83.93,78.64,69.42,67.97,71.54,2,9,4,66.41,63.51,5,5,2,49.88,70.46,No,Consulting,58.96,70.72,62.7,42.89,Medium
STU0679,19,Male,1,6.59,71.25,59.97,62.2,66.89,73.84,67.9,69.24,74.64,74.4,5,10,4,61.56,76.95,4,9,5,79.27,69.2,Yes,Government,68.36,65.2,84.66,59.43,Medium
STU0680,19,Female,4,7.24,75.22,46.94,65.97,46.32,61.17,59.33,70.82,54.8,55.9,1,6,6,63.8,51.46,4,6,3,54.08,52.31,No,Research,47.19,61.76,63.7,23.21,Low
STU0681,25,Female,2,4.21,40.0,61.08,43.94,63.66,69.84,80.98,70.58,95.15,72.04,5,11,0,46.54,83.14,5,4,6,76.22,63.46,Undecided,Manufacturing,78.89,77.24,71.42,39.61,Low
STU0682,22,Female,4,6.41,77.18,61.98,73.56,73.53,66.89,58.13,69.24,70.77,75.71,5,22,4,64.6,94.35,3,7,3,65.15,63.58,No,Research,72.33,65.56,78.54,43.64,Medium
STU0683,24,Female,4,7.74,75.38,71.39,70.36,77.68,76.36,65.42,43.83,70.25,72.67,4,8,3,63.09,93.56,3,4,3,73.47,52.59,Undecided,Government,62.59,76.47,79.26,56.1,Medium
STU0684,21,Male,1,6.02,67.71,65.51,62.08,65.33,54.66,53.56,59.73,60.42,76.07,2,7,4,69.5,54.76,5,7,3,95.35,77.9,Yes,Research,79.87,66.11,61.97,39.3,Low
STU0685,18,Male,3,7.27,64.49,78.94,67.01,77.59,69.62,56.43,45.0,72.29,58.39,3,9,4,64.33,81.74,9,4,2,53.0,61.55,Yes,Research,69.27,54.43,57.19,31.78,Low
STU0686,23,Female,4,7.74,71.4,62.03,64.75,57.87,75.14,75.28,58.63,88.64,91.3,4,15,7,73.3,80.23,0,2,4,62.25,68.73,No,Information Technology,73.88,65.68,91.93,54.45,Medium
STU0687,23,Male,3,6.79,81.16,69.26,77.63,77.13,70.43,83.31,72.52,84.43,86.85,4,13,6,82.86,85.9,3,8,1,58.45,40.56,Yes,Education,64.55,62.24,76.98,54.15,Medium
STU0688,22,Male,4,7.4,74.17,85.39,68.89,78.19,87.51,77.53,92.33,82.25,75.0,3,13,6,85.02,89.15,8,3,7,77.42,88.0,Yes,Healthcare,84.57,81.98,76.01,80.35,High
STU0689,24,Male,3,6.04,74.53,74.44,71.41,70.18,80.06,60.97,73.81,78.56,73.31,5,17,4,62.3,79.42,9,4,4,76.21,70.95,Yes,Government,78.65,73.55,68.5,51.53,Medium
STU0690,19,Male,2,6.95,72.0,69.22,71.02,66.45,69.9,79.85,73.64,67.7,74.84,3,7,5,53.2,62.45,6,10,5,66.76,63.86,No,Education,52.98,70.61,71.68,51.37,Medium
STU0691,19,Male,2,7.93,68.48,62.17,58.15,65.56,72.82,89.63,77.34,54.6,79.04,5,15,4,64.9,74.02,7,6,9,87.61,90.16,Undecided,Information Technology,83.36,78.42,72.44,73.4,High
STU0692,23,Male,2,7.39,82.75,61.77,86.13,61.49,73.84,66.77,61.27,69.59,75.75,0,1,10,95.51,51.54,12,3,2,70.42,70.01,Yes,Manufacturing,85.35,62.71,64.86,45.45,Medium
STU0693,22,Female,4,6.5,64.37,58.94,57.22,71.0,75.24,69.07,64.46,69.17,69.58,1,5,5,55.93,47.05,5,2,5,60.84,54.84,Yes,Education,57.6,69.29,57.58,33.3,Low
STU0694,21,Female,2,7.47,82.12,62.97,66.72,62.68,46.27,65.98,67.79,84.59,79.28,2,8,6,65.25,64.81,3,2,5,89.79,75.93,Undecided,Information Technology,83.51,62.24,58.68,57.87,Medium
STU0695,19,Female,3,8.06,82.72,79.82,72.04,91.83,66.08,85.95,57.98,75.71,92.7,2,7,11,99.67,76.37,3,3,4,66.42,60.25,Undecided,Education,76.88,65.96,70.88,66.82,Medium
STU0696,21,Male,3,4.74,41.86,67.12,74.24,83.57,50.7,57.62,67.96,91.35,63.74,4,16,2,57.11,68.04,4,6,3,67.48,60.43,Undecided,Research,72.64,56.98,72.17,34.79,Low
STU0697,24,Male,3,8.59,88.46,52.45,73.99,51.93,86.62,65.65,67.97,86.37,81.61,1,2,2,68.23,54.79,2,7,4,68.72,72.28,Yes,Consulting,64.46,67.81,42.22,49.09,Medium
STU0698,19,Male,4,6.8,86.57,92.99,79.65,83.84,69.21,77.46,82.32,66.52,88.43,5,16,3,76.49,96.11,7,3,6,73.36,63.97,No,Research,62.18,70.9,92.32,80.11,High
STU0699,19,Female,4,7.71,82.84,74.16,86.22,66.28,67.49,78.36,83.83,50.46,70.46,1,4,6,63.89,58.31,6,5,4,87.8,79.28,Yes,Manufacturing,93.53,70.85,55.7,47.15,Medium
STU0700,20,Female,2,8.64,87.36,51.71,70.45,57.17,81.66,76.81,55.22,88.63,92.4,2,11,6,64.61,52.91,5,5,5,83.38,64.93,No,Healthcare,80.44,70.91,54.75,57.4,Medium
STU0701,19,Male,4,5.55,67.48,64.26,69.59,87.37,75.49,68.39,63.83,88.31,66.91,1,5,4,61.73,56.27,6,6,3,79.31,80.83,No,Research,81.47,73.53,52.18,40.65,Medium
STU0702,25,Female,4,6.35,68.62,71.44,68.41,68.22,55.33,74.84,57.76,55.61,63.85,3,10,3,64.02,74.77,3,5,3,55.47,53.89,No,Consulting,62.34,59.04,68.05,39.45,Low
STU0703,18,Male,3,6.85,73.12,92.16,76.07,86.29,69.08,76.37,50.25,90.11,90.98,0,1,8,85.76,68.87,3,6,3,69.65,88.33,No,Consulting,74.67,72.85,59.63,41.63,Medium
STU0704,25,Female,4,6.26,58.7,55.59,63.26,67.99,65.64,61.85,53.67,76.59,62.43,1,7,3,59.13,60.29,5,6,5,67.89,76.9,Undecided,Finance,66.23,62.27,67.91,29.33,Low
STU0705,22,Female,2,9.28,95.16,82.69,81.16,67.47,47.32,61.78,90.75,73.93,79.12,3,13,6,74.84,81.42,4,7,7,78.41,74.52,Yes,Consulting,79.45,61.28,65.6,63.53,Medium
STU0706,22,Female,1,6.17,72.78,88.19,94.69,71.95,61.03,53.95,69.45,91.38,80.2,1,7,5,80.53,68.27,12,2,2,67.09,52.97,Yes,Manufacturing,59.52,64.63,57.63,46.16,Medium
STU0707,21,Female,4,6.53,62.92,61.83,54.69,53.95,67.61,77.28,94.96,88.14,64.56,1,4,3,57.25,33.83,4,8,7,91.57,86.26,Undecided,Government,82.26,77.06,49.82,44.64,Medium
STU0708,25,Female,2,7.45,87.02,66.39,87.62,59.65,68.51,68.21,78.95,79.82,75.68,4,17,5,84.6,81.24,5,4,3,79.67,79.03,No,Research,75.95,67.27,90.65,52.86,Medium
STU0709,25,Male,4,5.76,61.2,56.53,60.97,34.59,50.73,58.47,52.24,77.68,70.74,0,2,5,72.62,53.15,1,4,4,78.86,76.82,Yes,Education,82.86,69.77,52.06,21.97,Low
STU0710,25,Female,4,6.73,64.36,67.36,70.23,74.49,84.97,77.91,71.93,79.4,71.77,2,11,3,69.09,85.03,9,6,5,55.34,58.58,Yes,Healthcare,55.49,78.17,62.4,59.69,Medium
STU0711,24,Male,1,7.58,85.2,69.52,82.77,90.78,68.67,71.3,77.18,67.2,86.5,0,3,3,50.87,52.94,3,4,6,59.24,82.0,Yes,Research,64.82,65.58,49.12,51.96,Medium
STU0712,19,Female,4,6.8,69.19,78.58,69.54,76.7,70.49,80.67,79.11,71.34,84.49,2,8,5,68.25,61.39,1,5,4,62.12,67.65,No,Research,59.99,66.7,69.19,56.98,Medium
STU0713,18,Female,2,7.09,79.13,84.17,87.49,64.13,75.21,79.76,67.79,61.17,63.34,3,11,6,82.08,68.1,5,8,1,70.13,55.04,Yes,Finance,64.75,71.58,78.56,61.33,Medium
STU0714,21,Female,3,6.56,67.0,60.27,43.91,58.72,59.76,65.33,47.69,68.0,69.85,0,2,5,56.23,44.05,12,6,2,87.87,91.91,Undecided,Consulting,93.79,72.85,37.18,36.29,Low
STU0715,25,Male,3,5.38,58.0,44.42,49.53,51.84,75.93,81.81,100.0,67.6,71.65,4,10,4,63.91,66.48,7,5,3,58.59,68.03,No,Information Technology,64.16,71.89,76.7,35.78,Low
STU0716,25,Female,4,7.59,81.76,69.72,67.6,60.17,65.23,73.36,68.29,64.38,86.58,4,11,3,60.45,94.98,6,4,3,45.68,61.07,Undecided,Healthcare,56.95,51.78,74.31,49.32,Medium
STU0717,20,Female,1,9.31,95.83,73.82,71.73,81.2,58.34,61.99,60.37,73.64,87.1,0,3,6,84.64,58.7,9,5,1,91.5,64.19,Yes,Manufacturing,79.97,68.89,48.49,42.22,Medium
STU0718,21,Female,3,7.22,61.01,73.24,67.59,80.38,77.45,73.61,74.49,68.11,69.4,5,12,4,69.49,91.04,6,6,5,63.09,66.73,Yes,Education,64.44,75.52,91.12,61.88,Medium
STU0719,25,Male,3,7.47,69.38,65.75,71.96,56.61,89.39,78.74,74.99,78.03,78.69,1,5,8,83.37,69.5,7,1,6,69.05,63.03,Undecided,Consulting,61.77,68.91,53.51,53.89,Medium
STU0720,21,Male,4,8.03,88.78,71.62,83.92,78.64,79.42,80.79,77.6,52.53,77.9,0,2,5,69.09,59.21,7,5,4,85.11,74.64,Yes,Finance,76.4,76.97,44.58,55.12,Medium
STU0721,19,Male,3,5.68,60.2,89.7,78.36,96.6,82.0,73.23,89.57,70.64,58.91,0,0,8,85.24,50.29,6,2,1,87.57,73.13,Yes,Consulting,76.03,71.57,66.3,27.95,Low
STU0722,20,Male,1,9.24,89.49,74.96,74.73,92.25,63.23,64.55,64.91,73.58,80.13,2,8,3,54.61,72.22,9,10,2,56.31,39.39,No,Healthcare,53.5,56.81,50.78,52.33,Medium
STU0723,21,Female,2,7.44,67.45,65.15,70.88,96.48,49.23,81.84,55.0,68.27,82.22,3,11,6,79.91,74.08,7,3,1,74.03,50.02,No,Research,62.66,63.09,69.33,45.87,Medium
STU0724,18,Male,2,9.16,84.88,63.5,74.28,57.91,89.37,89.61,79.77,69.93,73.82,2,10,5,72.57,81.03,6,7,4,90.9,65.71,Yes,Government,80.48,79.69,62.62,65.27,Medium
STU0725,18,Female,4,6.32,52.73,67.79,71.45,97.53,96.71,75.91,73.17,52.98,60.51,4,9,4,73.6,82.7,5,10,2,70.64,48.68,No,Finance,63.04,80.71,77.02,67.97,Medium
STU0726,22,Male,2,9.38,93.71,91.28,95.09,78.66,90.06,86.24,97.79,76.28,78.5,3,11,6,77.58,91.57,8,4,8,86.61,73.05,Yes,Government,75.18,88.43,72.35,82.47,High
STU0727,20,Male,2,8.13,78.98,67.62,73.32,63.27,65.63,70.72,83.21,79.77,55.75,2,6,4,72.65,72.06,8,6,3,72.48,81.11,Yes,Finance,86.19,59.99,59.67,47.69,Medium
STU0728,20,Female,4,7.86,73.97,69.74,65.09,73.63,54.99,68.66,67.07,77.92,74.45,3,12,4,63.0,66.34,4,6,3,86.52,82.7,Undecided,Healthcare,86.24,65.77,71.01,66.62,Medium
STU0729,22,Female,1,7.48,76.84,63.73,65.35,61.23,56.15,66.64,50.02,84.46,79.95,5,17,4,66.94,95.83,6,7,4,89.97,68.29,Yes,Government,77.93,60.7,89.16,60.16,Medium
STU0730,21,Female,4,6.9,74.65,84.29,74.66,82.35,48.11,73.55,51.06,74.42,68.84,0,0,3,74.83,56.32,3,6,3,96.02,80.14,Undecided,Consulting,82.47,69.9,49.55,48.38,Medium
STU0731,20,Female,3,8.64,100.0,95.48,90.44,71.31,68.6,74.33,71.35,77.74,72.93,1,5,6,99.99,76.38,6,7,1,77.11,52.48,No,Education,74.47,73.54,75.99,66.19,Medium
STU0732,18,Female,4,7.37,65.75,75.86,74.29,71.34,90.87,80.27,82.85,73.87,62.25,2,9,6,85.13,71.94,6,7,7,64.12,91.0,Yes,Research,69.63,82.37,91.74,65.06,Medium
STU0733,18,Male,2,4.84,61.68,71.08,74.3,83.95,68.16,81.09,68.93,80.25,77.54,2,11,4,66.5,58.19,8,6,2,74.13,62.98,No,Government,80.23,70.78,62.33,34.93,Low
STU0734,25,Other,1,5.86,69.55,70.48,70.65,70.19,73.93,75.6,67.18,53.07,83.02,2,9,7,84.16,69.07,6,8,5,74.99,51.01,No,Consulting,56.56,66.11,70.49,50.25,Medium
STU0735,19,Female,4,6.98,67.37,39.0,56.26,54.87,87.88,80.76,71.12,61.28,79.41,1,5,5,68.64,65.57,7,2,2,70.17,85.89,No,Information Technology,96.01,83.8,60.3,46.06,Medium
STU0736,20,Female,4,7.57,79.55,79.69,79.85,80.58,64.75,72.28,69.2,91.04,68.06,3,12,7,88.57,88.15,6,3,9,81.04,78.37,Yes,Healthcare,75.94,73.01,80.93,65.87,Medium
STU0737,21,Male,4,7.13,70.97,71.74,68.0,83.16,96.46,82.47,52.39,42.47,70.27,3,11,1,46.91,41.57,6,9,6,78.5,94.81,Yes,Information Technology,74.42,94.59,56.01,55.52,Medium
STU0738,22,Female,1,8.66,89.24,75.57,72.84,57.01,95.9,83.25,67.9,70.32,71.36,3,6,6,81.37,78.75,1,11,5,74.25,80.16,No,Finance,71.78,84.0,61.69,73.11,High
STU0739,22,Male,4,4.86,64.3,60.75,50.8,71.26,68.3,64.87,60.25,86.07,68.09,0,3,6,81.69,56.9,5,6,5,100.0,82.96,Undecided,Research,86.85,70.09,61.09,25.62,Low
STU0740,21,Male,4,7.37,80.57,65.0,66.89,65.07,62.49,60.61,79.33,70.88,70.31,2,9,6,87.25,58.2,3,3,3,57.8,42.87,Undecided,Research,52.07,50.66,63.45,24.15,Low
STU0741,24,Male,3,5.02,58.74,64.66,68.44,69.23,79.06,65.59,60.96,67.14,72.06,2,7,4,63.13,70.83,5,6,3,75.51,68.52,Yes,Finance,75.45,67.48,55.91,36.15,Low
STU0742,23,Male,4,8.11,79.98,83.28,74.85,88.4,65.48,55.55,65.98,73.55,83.69,2,7,7,75.21,85.15,7,6,1,70.15,45.95,Yes,Government,64.64,59.52,60.58,48.33,Medium
STU0743,19,Female,4,7.09,63.42,65.08,64.58,55.85,54.96,55.93,64.03,67.76,66.64,5,23,7,63.54,95.23,4,6,3,42.32,52.5,Undecided,Education,74.65,62.13,73.72,52.13,Medium
STU0744,22,Female,3,7.7,77.84,97.07,89.66,75.26,86.66,77.25,92.28,72.37,73.23,2,7,4,80.34,45.8,6,4,3,60.56,63.82,Yes,Government,65.2,79.47,76.89,60.44,Medium
STU0745,20,Female,1,6.16,73.89,75.6,79.05,54.23,85.81,79.65,92.48,63.8,74.18,0,0,6,64.19,53.92,8,5,3,48.79,71.37,Yes,Research,52.66,73.36,47.82,25.57,Low
STU0746,19,Male,3,8.74,77.97,53.42,57.69,55.89,72.02,69.7,69.71,85.3,82.99,2,9,3,56.26,53.01,10,8,1,82.54,59.86,Undecided,Research,71.89,76.15,53.94,49.77,Medium
STU0747,20,Male,1,8.45,78.66,68.33,81.26,82.89,53.58,40.55,49.88,89.08,89.84,4,14,3,67.54,71.53,7,5,3,51.14,80.44,No,Healthcare,67.13,64.51,81.66,50.33,Medium
STU0748,24,Male,2,7.9,81.98,61.53,80.4,64.64,54.02,80.05,61.56,70.4,63.25,4,16,9,85.23,80.57,8,7,2,49.37,40.92,Yes,Consulting,47.97,58.37,88.43,54.12,Medium
STU0749,18,Other,2,7.04,66.47,41.47,47.89,41.41,71.39,82.99,72.0,55.36,65.05,2,8,6,52.55,35.79,3,8,5,66.92,60.27,Yes,Healthcare,70.7,61.12,47.91,10.81,Low
STU0750,19,Male,1,7.9,75.55,90.79,75.71,77.08,63.5,73.03,64.23,65.71,61.54,1,5,4,61.7,35.1,5,3,2,64.79,63.46,Yes,Manufacturing,71.75,71.98,43.21,41.12,Medium
STU0751,25,Female,2,6.35,64.18,79.14,82.6,60.65,65.57,88.58,82.04,69.79,67.94,2,7,1,45.34,55.99,5,9,4,64.03,42.15,Yes,Research,54.12,61.24,67.49,42.07,Medium
STU0752,22,Female,1,8.23,74.51,76.93,74.52,63.06,83.29,67.71,77.56,78.07,72.46,2,5,10,95.93,77.85,6,5,5,53.67,51.98,No,Education,54.88,69.06,80.19,49.25,Medium
STU0753,19,Male,4,9.18,85.8,72.15,59.74,75.57,79.53,94.66,88.12,59.9,72.58,5,21,1,59.89,77.0,7,7,2,83.44,72.87,Yes,Healthcare,64.71,83.97,72.34,82.41,High
STU0754,19,Female,4,8.48,91.24,52.03,59.15,48.88,87.92,69.91,89.56,62.77,68.57,3,12,4,58.3,53.83,10,8,4,67.39,75.91,Yes,Finance,65.8,78.89,74.55,43.32,Medium
STU0755,19,Male,1,6.32,57.73,63.71,61.88,78.17,57.12,68.09,88.47,78.13,55.26,3,9,5,84.52,72.77,5,4,6,84.59,66.86,Undecided,Education,74.6,62.17,72.22,50.07,Medium
STU0756,23,Female,4,7.63,67.48,80.94,65.74,75.81,65.54,56.75,65.74,83.27,54.75,2,6,6,86.66,86.12,10,4,0,55.23,49.04,Undecided,Manufacturing,58.0,58.81,69.74,35.28,Low
STU0757,19,Female,3,5.65,56.44,56.33,56.8,63.84,79.87,76.09,87.79,64.54,62.94,2,7,2,52.08,54.2,8,2,5,60.41,71.19,Undecided,Manufacturing,66.16,75.55,48.45,24.26,Low
STU0758,20,Male,2,7.89,86.13,37.09,62.1,49.62,75.83,77.99,70.03,56.0,68.07,4,16,2,42.41,60.94,6,5,3,56.9,43.6,No,Government,49.97,59.69,53.3,37.24,Low
STU0759,18,Male,1,7.74,78.28,67.05,84.27,76.61,89.92,78.92,92.32,100.0,76.31,2,10,2,49.49,69.16,6,3,2,69.62,61.55,No,Research,75.62,72.27,61.36,61.11,Medium
STU0760,24,Female,3,4.96,51.39,68.16,61.33,77.32,75.47,81.1,87.99,81.4,79.31,5,16,9,90.05,88.86,9,4,3,59.85,59.59,Yes,Consulting,69.84,69.14,63.08,55.19,Medium
STU0761,21,Female,4,5.81,62.6,71.76,77.78,74.82,94.03,83.3,92.76,68.8,59.82,2,8,6,79.45,75.58,8,3,4,86.17,90.81,Yes,Finance,93.3,88.41,60.71,64.37,Medium
STU0762,19,Male,3,6.86,59.52,79.47,83.02,81.36,77.02,69.43,72.68,82.43,83.31,0,0,5,75.38,59.76,8,7,0,36.19,53.02,Yes,Government,60.7,56.61,57.06,29.99,Low
STU0763,22,Female,1,6.84,75.02,78.29,87.96,72.94,83.81,72.05,66.15,70.51,87.02,3,15,5,68.41,61.44,7,5,3,95.33,74.55,Undecided,Research,77.1,90.3,77.19,53.9,Medium
STU0764,19,Female,1,5.75,64.43,73.36,72.84,77.77,65.79,77.71,54.91,82.41,54.72,0,2,4,57.42,38.06,7,7,2,65.47,69.6,No,Consulting,71.82,67.87,51.51,32.22,Low
STU0765,22,Female,2,7.67,76.16,85.54,64.44,75.67,70.19,65.05,67.83,73.91,74.66,1,5,7,99.84,57.46,9,7,0,58.38,57.64,Undecided,Healthcare,67.83,51.33,78.17,35.27,Low
STU0766,20,Male,2,7.5,84.54,50.25,70.89,59.66,81.84,85.98,96.95,73.1,72.92,2,7,7,77.66,57.97,2,2,1,97.63,61.85,Yes,Research,96.48,81.99,64.68,44.88,Medium
STU0767,22,Female,2,6.97,64.84,76.56,80.53,71.36,90.97,93.16,79.63,70.64,42.68,3,13,5,74.64,81.13,3,3,3,68.49,72.16,No,Finance,81.55,81.86,91.01,60.88,Medium
STU0768,25,Female,2,6.29,74.51,78.14,75.59,70.4,79.48,59.08,77.97,54.63,54.47,2,6,6,81.4,61.34,3,2,4,65.54,74.53,Undecided,Manufacturing,68.78,77.28,54.43,44.34,Medium
STU0769,21,Male,4,8.46,87.22,53.89,83.73,54.75,68.92,82.34,84.18,95.26,91.08,0,2,10,97.67,62.69,8,7,1,60.74,55.06,Yes,Education,50.48,61.21,58.87,48.83,Medium
STU0770,18,Male,4,9.19,90.35,50.46,76.21,64.43,87.91,100.0,81.57,60.7,93.01,3,11,2,43.92,57.75,4,6,7,66.04,74.11,No,Healthcare,62.19,70.88,66.11,51.63,Medium
STU0771,22,Female,2,6.62,69.44,60.3,70.99,78.27,41.5,61.2,75.59,55.68,74.13,2,11,3,55.07,62.82,4,5,3,77.3,87.58,Yes,Finance,85.15,63.67,61.39,38.17,Low
STU0772,22,Male,4,6.47,67.48,61.4,74.94,77.48,51.51,69.17,30.18,69.45,72.37,5,17,7,70.47,69.54,5,6,4,77.77,72.3,Yes,Consulting,75.74,65.68,71.58,42.75,Medium
STU0773,18,Female,2,7.79,88.65,79.79,84.6,63.32,78.86,85.86,63.09,60.46,73.97,2,8,10,97.87,87.13,3,11,5,52.14,61.2,No,Healthcare,55.0,71.4,81.39,61.76,Medium
STU0774,21,Female,3,6.77,63.39,62.01,45.15,79.0,70.18,68.83,58.65,71.38,83.74,3,9,6,66.3,83.88,7,7,5,52.45,53.3,No,Research,43.35,63.87,67.91,41.06,Medium
STU0775,19,Male,2,7.03,67.93,58.87,61.27,61.2,77.87,76.86,64.53,80.25,92.18,1,5,1,37.55,45.77,7,5,6,85.42,67.91,Undecided,Education,83.41,82.71,42.97,46.37,Medium
STU0776,22,Female,3,8.09,90.06,62.05,84.02,72.13,70.84,58.74,70.3,83.94,76.42,3,7,5,53.76,42.11,4,1,3,62.08,63.69,Yes,Manufacturing,57.16,73.5,73.73,46.5,Medium
STU0777,18,Male,4,4.91,50.02,84.54,64.09,69.43,77.42,76.23,77.52,81.78,49.04,3,12,7,97.85,73.55,5,5,11,69.13,74.92,Yes,Finance,82.25,73.33,87.79,51.07,Medium
STU0778,25,Female,3,8.78,95.32,70.17,78.15,72.01,59.41,71.72,72.68,68.33,59.98,4,17,1,46.88,70.91,3,2,3,71.82,72.12,Yes,Government,65.57,60.34,72.78,67.16,Medium
STU0779,25,Male,2,7.29,87.51,67.67,67.72,72.36,77.42,80.0,82.51,72.6,89.31,0,2,8,87.58,63.75,6,9,1,92.01,64.99,Undecided,Manufacturing,76.04,83.14,66.66,38.91,Low
STU0780,20,Female,3,6.71,67.58,68.57,83.78,54.87,82.93,87.97,68.12,76.89,71.3,2,7,7,79.77,66.33,13,6,2,89.85,99.14,Undecided,Consulting,85.46,88.94,59.51,73.49,High
STU0781,18,Male,1,7.09,78.58,86.8,95.01,85.82,85.87,70.89,59.66,50.91,69.43,3,15,6,84.36,87.75,4,7,3,75.13,69.62,No,Consulting,77.61,71.12,71.52,63.53,Medium
STU0782,20,Male,4,7.15,66.27,60.26,58.24,78.6,96.18,77.95,84.08,78.85,55.73,0,1,4,45.06,37.26,10,2,4,59.88,48.16,Undecided,Finance,54.1,71.71,47.7,21.41,Low
STU0783,25,Female,3,5.12,61.36,87.1,76.85,78.16,73.17,91.88,70.89,54.51,56.05,2,7,5,71.73,75.53,6,3,6,100.0,83.89,Yes,Healthcare,87.88,74.96,75.95,48.41,Medium
STU0784,21,Male,2,8.99,92.31,72.74,74.6,85.61,73.56,71.6,52.6,96.48,83.59,5,15,3,69.74,82.91,5,6,5,80.51,69.48,Yes,Government,73.1,61.83,89.45,81.91,High
STU0785,19,Female,3,7.25,78.56,67.91,77.98,67.45,50.2,64.59,74.81,67.15,74.51,2,8,3,74.31,61.06,4,6,4,90.51,81.85,Undecided,Government,78.23,63.22,61.78,53.22,Medium
STU0786,18,Male,3,7.73,75.05,100.0,90.34,95.5,63.09,67.72,84.22,69.78,68.61,5,22,2,62.08,87.15,5,2,4,66.42,66.3,Undecided,Information Technology,68.2,52.27,73.31,83.43,High
STU0787,24,Female,1,8.34,73.43,56.28,72.52,40.77,67.49,62.15,85.31,62.76,60.19,0,3,3,52.7,45.64,6,3,3,52.66,63.58,Yes,Finance,62.8,65.71,50.6,29.44,Low
STU0788,25,Male,3,5.97,67.25,65.4,70.62,92.16,83.65,93.88,84.01,64.44,60.81,3,8,6,81.42,84.44,4,4,7,77.63,100.0,Yes,Finance,89.87,83.17,65.92,64.02,Medium
STU0789,25,Female,2,7.77,65.49,53.98,85.7,76.64,62.06,62.65,72.95,99.29,88.58,3,12,5,67.42,99.03,5,3,5,70.25,67.46,Undecided,Manufacturing,74.5,60.84,73.2,65.4,Medium
STU0790,24,Male,3,6.88,69.7,82.38,68.24,74.46,80.35,64.88,87.23,83.28,76.58,2,11,3,64.07,53.29,6,4,2,94.78,79.54,Yes,Information Technology,90.51,86.11,69.59,43.95,Medium
STU0791,23,Male,4,8.22,90.57,91.96,74.4,62.86,69.98,66.98,61.24,53.41,78.23,5,15,3,66.67,90.48,7,1,6,68.48,82.04,Undecided,Government,62.14,62.94,78.05,65.92,Medium
STU0792,25,Male,4,4.65,53.19,91.71,71.74,85.32,67.7,50.45,75.91,90.05,62.54,1,5,6,77.53,68.39,9,5,2,63.31,64.28,No,Consulting,65.83,73.22,70.12,39.26,Low
STU0793,22,Male,3,7.08,87.36,85.91,71.69,64.81,73.24,66.45,72.87,86.32,54.89,4,13,3,60.22,90.88,3,4,4,89.25,58.12,No,Research,69.24,70.49,60.09,47.18,Medium
STU0794,21,Female,3,6.48,75.5,67.43,59.83,73.54,64.91,59.53,76.03,68.63,67.31,3,12,4,64.66,78.01,9,8,0,63.72,65.08,No,Research,66.52,67.5,69.16,42.34,Medium
STU0795,18,Male,1,7.72,74.9,65.25,62.57,72.0,64.42,75.16,72.64,75.68,66.12,1,6,4,65.37,72.88,2,5,2,65.87,42.15,No,Information Technology,60.37,54.4,52.76,30.73,Low
STU0796,24,Female,4,7.76,80.03,48.27,57.35,49.13,47.84,54.79,74.69,71.82,77.7,4,9,5,64.84,65.1,9,6,1,46.83,70.47,Yes,Information Technology,62.19,55.67,55.97,36.84,Low
STU0797,22,Male,2,6.35,66.82,96.47,74.16,96.27,66.78,78.93,75.0,95.67,100.0,2,10,7,83.28,57.56,5,3,5,86.91,62.38,Yes,Information Technology,64.71,70.27,61.8,69.15,Medium
STU0798,24,Male,3,6.35,56.07,76.1,73.02,81.91,63.76,82.68,55.07,62.44,69.61,4,13,11,100.0,79.59,6,8,7,67.34,92.19,No,Research,94.32,69.01,84.95,78.68,High
STU0799,18,Female,2,7.07,67.05,63.6,63.04,76.74,63.29,76.29,87.95,73.75,95.22,2,10,10,79.29,67.15,11,4,1,52.33,56.15,No,Education,74.31,56.85,65.69,44.81,Medium
STU0800,20,Female,1,6.12,61.15,87.26,74.23,80.08,75.42,71.79,60.61,66.86,71.58,4,15,1,59.78,86.74,6,5,6,87.38,86.32,No,Government,80.17,81.69,76.73,66.56,Medium
STU0801,18,Male,3,8.21,69.64,57.35,72.34,49.39,78.56,76.76,89.54,54.8,60.15,3,9,5,60.75,83.36,11,2,6,66.01,75.22,Yes,Healthcare,63.24,67.63,75.07,62.14,Medium
STU0802,23,Male,1,6.76,71.17,75.29,67.66,83.19,73.02,57.61,65.34,98.3,82.53,1,4,2,49.42,47.12,11,4,1,97.27,80.76,No,Finance,100.0,67.88,53.51,50.74,Medium
STU0803,18,Male,4,4.0,44.26,67.76,58.87,66.56,82.94,75.99,89.44,57.82,73.86,3,8,2,51.12,62.33,8,9,3,89.15,52.49,Yes,Healthcare,81.24,75.56,62.45,27.69,Low
STU0804,18,Female,2,6.75,59.04,78.3,73.83,61.17,77.48,66.26,84.18,74.64,84.52,1,4,1,39.67,35.15,4,6,3,51.89,52.73,Yes,Consulting,62.05,70.88,47.26,33.21,Low
STU0805,23,Female,1,5.95,66.38,69.17,53.83,83.56,66.16,76.72,76.55,51.11,58.39,2,11,5,72.04,66.54,9,0,5,80.84,77.36,Undecided,Healthcare,69.88,62.04,54.64,33.79,Low
STU0806,21,Male,3,5.24,62.17,51.14,40.69,81.12,63.98,94.52,83.18,67.21,69.2,1,4,3,65.81,55.34,9,4,7,85.77,79.54,No,Healthcare,92.72,73.43,47.34,39.4,Low
STU0807,25,Female,1,5.72,63.07,70.98,71.78,70.63,74.07,78.33,79.0,77.06,57.33,0,0,3,54.69,44.92,5,3,4,44.85,54.68,No,Healthcare,48.24,61.76,38.76,16.49,Low
STU0808,18,Female,2,7.33,73.7,83.64,82.37,99.59,77.46,54.95,42.43,62.1,76.85,1,4,5,93.08,80.04,5,4,1,66.12,62.06,No,Research,65.18,73.19,72.03,51.48,Medium
STU0809,23,Female,3,8.79,93.25,69.62,95.48,71.2,88.17,76.06,78.08,79.04,95.33,2,7,4,57.48,64.04,4,5,5,61.94,64.47,No,Education,75.08,74.21,67.9,66.32,Medium
STU0810,22,Female,1,7.58,82.98,80.08,81.34,72.24,85.49,79.7,63.87,68.77,75.03,2,8,5,69.64,51.78,2,4,0,86.31,87.29,Undecided,Manufacturing,81.51,79.06,75.04,51.63,Medium
STU0811,20,Male,4,6.47,70.38,56.41,71.58,56.72,62.96,69.21,70.02,85.92,69.4,2,6,6,80.62,43.75,8,5,1,56.47,70.19,Undecided,Government,66.61,53.64,66.42,27.05,Low
STU0812,20,Male,1,7.75,73.98,69.66,70.68,86.68,68.67,63.59,53.71,88.34,80.64,1,4,4,54.8,58.44,9,6,3,73.97,81.73,Yes,Education,85.12,72.83,41.97,39.99,Low
STU0813,18,Male,2,6.65,71.79,61.88,70.35,58.23,78.72,77.88,60.72,64.96,73.37,3,15,3,54.85,67.26,1,4,4,99.02,95.73,Yes,Finance,84.59,81.33,67.8,62.88,Medium
STU0814,21,Male,4,6.37,75.7,79.71,90.7,83.19,83.88,65.32,91.09,72.92,74.1,3,15,7,96.65,85.44,3,4,5,39.57,63.76,Yes,Government,63.26,61.04,88.58,63.02,Medium
STU0815,21,Female,2,5.81,58.11,70.41,50.03,65.13,82.21,67.55,85.03,74.2,69.21,2,9,2,45.21,57.41,6,7,2,71.43,54.66,Yes,Research,77.52,72.23,51.71,34.69,Low
STU0816,22,Female,1,5.1,70.59,78.97,78.55,70.83,69.17,77.58,72.4,79.43,71.97,4,16,7,87.36,72.5,5,7,4,71.94,65.39,No,Information Technology,69.78,62.22,77.8,58.88,Medium
STU0817,18,Male,2,6.73,66.89,84.14,93.36,88.58,53.7,54.01,62.55,72.17,79.03,3,9,6,83.53,74.51,6,0,10,32.86,70.02,Yes,Manufacturing,62.93,54.41,82.95,60.38,Medium
STU0818,20,Male,2,7.39,76.74,78.99,79.66,71.64,57.01,71.04,64.14,74.28,80.77,3,12,6,62.26,64.85,4,8,5,44.88,62.23,Yes,Finance,51.54,59.67,65.66,46.64,Medium
STU0819,21,Male,4,7.08,69.01,73.55,85.46,68.4,73.54,59.4,74.01,69.08,61.03,1,3,2,50.82,50.52,6,7,6,83.01,62.79,Yes,Consulting,63.57,63.7,52.67,44.1,Medium
STU0820,18,Female,2,6.7,71.86,57.02,60.78,74.69,74.45,91.15,70.4,73.38,63.07,0,1,1,64.01,59.39,7,2,2,69.15,66.77,Undecided,Research,55.62,76.21,51.1,26.66,Low
STU0821,24,Male,4,6.07,52.43,69.96,64.58,86.45,55.72,57.33,73.92,87.58,67.34,4,18,4,66.28,69.74,7,12,7,72.93,63.33,Yes,Information Technology,73.58,63.0,82.18,64.52,Medium
STU0822,21,Female,4,7.93,77.55,63.07,70.79,73.14,70.58,69.52,66.94,79.75,82.7,4,11,8,85.15,71.5,7,8,2,67.81,82.16,No,Education,77.44,77.73,67.31,64.13,Medium
STU0823,23,Male,2,5.62,52.94,65.53,45.28,61.49,78.21,78.5,69.99,80.42,68.99,1,4,5,69.84,72.34,8,5,6,88.67,85.83,Yes,Healthcare,80.85,78.71,60.91,48.72,Medium
STU0824,24,Male,4,8.13,84.12,65.13,64.41,62.72,55.03,59.11,62.71,80.68,72.86,2,8,8,99.14,69.35,6,6,3,100.0,74.1,Yes,Finance,94.14,82.9,71.22,66.32,Medium
STU0825,25,Other,2,6.0,70.96,57.26,56.83,64.29,84.36,79.4,69.79,70.15,73.23,3,12,6,62.25,79.42,5,9,3,86.72,71.99,Undecided,Consulting,74.71,88.63,65.92,50.26,Medium
STU0826,21,Female,4,6.3,71.22,44.55,66.55,59.71,65.09,75.04,74.48,75.83,69.7,3,14,2,40.16,80.58,8,8,4,34.79,72.43,Yes,Healthcare,47.31,59.17,54.92,39.83,Low
STU0827,20,Male,1,5.44,42.36,61.31,64.39,55.84,86.35,88.46,74.1,58.98,65.44,4,8,2,50.57,84.3,8,5,4,69.46,52.36,No,Healthcare,57.94,71.42,82.81,35.44,Low
STU0828,19,Female,3,6.6,83.69,72.51,79.51,79.11,63.07,76.3,76.09,87.23,83.46,1,7,6,79.82,69.57,5,5,6,91.2,74.12,No,Healthcare,91.86,58.36,62.45,50.09,Medium
STU0829,24,Female,3,8.37,87.4,52.47,75.79,61.71,56.65,63.77,79.07,38.6,64.33,2,5,2,49.59,54.85,9,3,6,63.56,74.58,No,Manufacturing,75.6,62.23,50.81,45.82,Medium
STU0830,25,Female,2,7.82,74.94,70.2,71.51,53.45,64.04,67.35,58.95,70.95,74.6,0,1,6,76.03,64.54,5,11,4,91.31,54.39,No,Information Technology,73.95,70.96,65.29,41.2,Medium
STU0831,22,Male,3,8.37,86.43,94.7,97.48,74.8,68.76,94.43,76.67,85.69,92.79,2,9,3,63.73,62.26,6,3,4,64.95,64.33,No,Healthcare,64.85,66.51,62.63,72.62,High
STU0832,22,Female,3,7.83,81.7,83.3,81.15,72.77,64.95,78.73,77.33,55.63,65.16,0,0,2,64.01,64.76,4,4,6,51.22,60.48,Undecided,Consulting,55.25,61.98,41.59,41.02,Medium
STU0833,20,Male,1,5.88,58.25,91.37,76.97,81.52,67.19,61.02,60.92,76.8,72.05,4,10,7,71.84,84.12,3,5,3,80.81,93.97,Undecided,Finance,67.21,78.79,63.16,72.49,High
STU0834,21,Female,1,6.8,72.59,75.08,72.07,92.19,74.34,74.45,78.21,63.83,68.92,2,9,3,56.9,63.54,4,6,5,76.87,70.56,No,Manufacturing,63.09,71.27,59.82,47.72,Medium
STU0835,18,Male,3,6.26,62.09,85.18,80.54,81.23,67.77,67.15,75.11,67.57,70.85,4,11,6,73.24,78.79,8,4,3,60.98,52.03,No,Information Technology,59.68,64.04,81.93,54.03,Medium
STU0836,21,Male,3,8.8,86.37,60.59,69.13,56.92,69.14,69.76,82.7,83.35,74.34,0,0,5,57.4,43.02,2,4,9,89.51,75.47,No,Finance,85.82,71.31,47.23,48.36,Medium
STU0837,20,Male,4,5.76,57.04,61.62,70.5,68.1,47.78,49.21,49.9,74.38,68.27,1,4,7,62.32,55.91,3,2,5,42.18,32.84,No,Research,43.18,38.93,45.24,15.63,Low
STU0838,22,Female,4,8.27,74.4,34.39,47.46,47.39,75.09,69.67,59.84,47.59,75.29,1,2,4,53.9,55.49,3,4,2,85.78,85.88,No,Manufacturing,72.8,88.64,61.49,25.08,Low
STU0839,21,Male,4,8.27,85.45,85.42,74.56,82.23,68.84,89.09,72.7,60.28,64.56,2,6,9,98.33,73.76,10,2,3,61.8,63.71,No,Manufacturing,76.49,58.55,69.58,59.84,Medium
STU0840,22,Female,3,9.4,98.7,90.02,95.55,87.32,90.93,86.71,69.47,83.7,72.69,4,13,4,75.0,81.98,5,2,8,96.38,82.99,Yes,Consulting,77.82,85.44,96.05,94.22,High
STU0841,24,Female,2,6.71,73.99,62.81,68.45,78.64,57.79,41.09,63.6,77.39,62.49,2,8,7,84.51,80.66,8,5,5,82.26,83.2,Undecided,Government,81.25,74.81,72.2,46.78,Medium
STU0842,25,Male,1,8.05,88.19,66.7,72.25,68.44,46.49,73.09,51.26,92.98,73.22,1,6,3,67.27,60.68,5,3,6,64.82,75.17,Undecided,Consulting,71.59,58.28,63.31,43.43,Medium
STU0843,18,Female,4,9.94,100.0,60.2,84.21,81.5,78.03,86.01,100.0,92.19,93.01,0,1,4,44.76,37.56,11,3,4,55.51,62.59,Yes,Information Technology,78.3,71.02,51.75,52.26,Medium
STU0844,24,Male,3,6.46,64.41,74.97,66.42,82.31,74.5,69.93,86.65,67.89,55.26,0,3,0,51.29,20.0,5,5,2,45.7,44.98,Yes,Government,44.7,66.67,42.55,9.34,Low
STU0845,22,Female,1,5.36,64.12,84.62,73.92,71.47,56.89,72.77,67.84,100.0,74.76,3,8,7,86.08,89.57,6,5,6,68.84,65.68,Undecided,Research,69.29,63.54,79.73,50.48,Medium
STU0846,22,Male,2,4.94,44.96,47.34,63.23,80.14,50.11,53.96,69.82,72.29,67.99,2,11,2,47.94,55.07,4,9,4,70.84,69.04,No,Government,72.29,64.33,62.0,12.25,Low
STU0847,19,Female,4,8.06,76.24,75.32,87.89,76.7,89.99,75.79,57.38,60.45,73.57,3,8,7,80.37,77.15,7,6,4,85.79,79.72,Yes,Research,73.55,86.72,72.98,70.4,High
STU0848,19,Female,3,4.94,47.71,66.4,74.16,60.17,88.38,94.76,100.0,64.4,57.55,3,13,9,83.84,81.99,5,11,2,59.18,46.39,No,Consulting,59.98,64.38,79.23,37.42,Low
STU0849,24,Female,2,6.75,78.31,71.47,72.31,87.84,37.66,54.23,49.31,44.92,67.6,1,2,6,79.24,68.15,4,10,7,75.47,74.56,No,Government,72.0,50.5,63.31,42.19,Medium
STU0850,23,Female,3,7.72,86.08,75.97,89.16,94.56,64.04,50.12,60.11,91.28,83.48,1,3,6,68.75,66.08,4,4,7,64.66,84.56,Yes,Healthcare,71.52,80.78,61.43,50.96,Medium
STU0851,24,Female,2,7.42,80.19,67.55,65.87,68.82,91.63,80.6,56.85,91.14,78.39,3,6,5,77.47,84.08,7,4,2,92.48,58.97,No,Finance,72.2,84.18,82.93,71.78,High
STU0852,19,Female,2,7.71,86.89,68.65,69.05,64.72,63.81,67.93,73.56,59.81,71.46,3,12,3,55.05,72.58,7,6,4,68.08,74.27,Undecided,Education,79.87,62.2,56.99,46.29,Medium
STU0853,22,Female,2,7.47,71.08,67.22,51.32,67.25,63.62,80.61,58.84,69.27,90.78,2,6,7,62.2,30.71,2,3,6,59.03,54.66,No,Research,59.81,73.68,50.65,38.86,Low
STU0854,20,Female,1,8.73,91.01,82.61,97.41,84.58,66.32,69.99,70.3,73.15,86.08,0,0,5,74.81,58.85,8,8,4,52.0,55.88,No,Research,52.35,51.78,53.11,51.9,Medium
STU0855,24,Male,4,6.06,63.66,75.44,64.32,86.27,55.43,60.73,56.58,60.48,87.75,0,0,4,56.98,50.34,6,8,7,63.21,51.32,No,Healthcare,46.25,52.98,57.53,30.59,Low
STU0856,22,Female,2,6.39,73.44,72.87,72.48,77.78,47.84,71.98,52.22,50.94,61.51,1,4,6,65.92,54.84,6,8,4,66.5,69.29,Yes,Government,82.34,56.8,56.43,32.77,Low
STU0857,20,Female,4,6.27,65.62,53.48,54.75,62.43,83.68,78.86,66.87,69.48,68.05,0,2,2,54.19,51.47,8,4,2,67.03,54.76,Yes,Education,64.86,77.05,41.7,33.16,Low
STU0858,20,Female,4,8.2,81.11,65.08,78.24,82.77,46.04,53.22,60.85,68.15,61.84,1,4,6,80.26,63.31,7,5,5,76.39,51.77,No,Research,76.51,55.53,48.11,42.23,Medium
STU0859,19,Male,2,8.28,88.31,81.68,79.66,73.8,73.21,84.49,60.5,67.34,68.82,2,10,4,67.72,58.41,3,3,3,65.01,65.14,Undecided,Finance,75.72,67.94,72.05,57.67,Medium
STU0860,24,Female,3,7.74,85.79,70.49,66.31,81.08,81.53,78.63,66.92,74.67,94.54,1,6,3,43.57,60.8,4,2,3,57.52,71.73,Yes,Research,68.61,63.96,52.14,36.81,Low
STU0861,21,Male,3,8.62,82.9,78.57,82.9,72.33,51.13,63.04,70.81,89.15,76.06,0,1,4,71.75,57.18,9,8,3,63.69,67.38,Yes,Consulting,73.63,58.84,54.26,53.42,Medium
STU0862,18,Female,4,5.79,61.68,92.96,66.95,87.44,57.98,67.87,97.48,68.36,84.37,4,17,5,74.98,80.72,5,1,9,66.72,79.95,Yes,Research,81.87,64.21,77.95,72.4,High
STU0863,19,Male,2,9.2,85.39,83.5,75.76,76.79,85.77,67.89,78.94,74.05,65.91,3,9,4,80.25,54.26,7,6,2,61.5,68.37,Undecided,Education,59.34,63.78,78.55,65.23,Medium
STU0864,19,Female,3,9.03,73.78,71.21,56.01,70.61,76.93,69.34,60.49,80.72,65.56,5,15,8,100.0,100.0,8,9,4,45.84,51.85,Undecided,Education,60.03,60.69,98.48,64.57,Medium
STU0865,21,Other,3,8.08,84.12,63.36,61.56,63.07,61.98,67.93,62.87,78.65,74.97,2,7,6,60.14,42.41,3,7,5,47.21,62.62,Undecided,Information Technology,60.16,53.73,41.55,27.56,Low
STU0866,18,Male,2,9.34,98.32,36.8,67.4,65.69,85.63,76.59,76.59,64.63,78.23,3,9,6,82.66,81.31,7,2,4,40.66,79.22,No,Information Technology,54.79,78.89,81.86,48.58,Medium
STU0867,22,Female,1,5.21,58.72,67.81,50.35,61.97,85.68,91.28,77.17,73.16,75.81,1,5,4,51.27,58.64,4,3,2,72.54,65.86,Yes,Consulting,76.72,77.19,39.79,21.04,Low
STU0868,23,Male,3,6.57,55.48,65.76,52.16,60.77,73.5,75.25,83.55,78.57,72.05,3,11,2,48.71,78.93,4,1,4,76.77,61.51,Yes,Research,64.35,79.73,72.06,38.91,Low
STU0869,24,Female,4,6.32,64.42,75.07,71.31,94.5,58.3,74.78,71.36,58.46,61.34,1,3,6,84.48,55.18,7,3,3,57.39,64.58,Undecided,Information Technology,67.3,49.12,59.44,24.55,Low
STU0870,23,Female,2,8.07,67.1,68.0,64.74,79.18,64.63,69.18,79.26,87.16,73.43,0,0,3,53.03,38.12,4,7,1,77.28,60.24,Yes,Education,72.86,61.01,51.32,39.62,Low
STU0871,22,Female,3,5.94,73.05,65.83,86.13,44.36,73.72,83.74,71.97,89.18,74.45,5,22,2,46.53,81.62,7,6,6,64.23,69.11,Undecided,Consulting,63.56,65.03,80.79,49.92,Medium
STU0872,25,Female,2,8.11,75.39,46.87,77.15,52.13,67.55,74.37,86.82,63.33,62.15,2,7,7,57.75,66.61,6,4,3,67.8,72.17,No,Education,83.96,63.53,56.95,49.51,Medium
STU0873,19,Female,3,8.84,98.35,57.78,68.48,45.66,82.21,77.13,73.55,74.32,73.73,5,23,6,59.54,95.83,4,3,4,50.43,55.26,No,Research,63.11,68.42,81.69,68.54,Medium
STU0874,18,Male,1,8.03,88.89,76.2,84.86,64.4,50.11,62.42,50.72,79.71,89.28,2,11,5,65.16,73.94,5,2,3,88.7,43.49,No,Manufacturing,64.51,59.19,67.86,50.36,Medium
STU0875,19,Male,4,7.54,71.56,92.31,87.58,51.39,50.57,53.21,85.39,65.45,53.23,2,9,5,83.5,67.02,7,4,6,93.92,78.14,Undecided,Research,93.38,63.28,64.01,62.12,Medium
STU0876,20,Female,2,6.01,56.16,68.73,60.8,68.43,72.35,77.63,51.36,77.78,82.55,2,7,3,72.48,64.88,4,2,7,74.85,80.12,Yes,Manufacturing,74.28,90.75,60.1,40.24,Medium
STU0877,19,Female,2,6.18,68.07,74.26,60.28,61.42,63.61,68.22,58.91,73.96,67.93,3,6,10,89.92,84.2,6,5,2,58.6,76.99,No,Government,65.49,66.64,83.64,34.87,Low
STU0878,19,Female,1,8.7,82.39,82.38,80.81,77.91,61.85,62.81,57.92,54.38,63.2,2,8,6,75.63,51.97,7,4,4,71.42,78.7,Yes,Information Technology,81.39,56.21,73.92,43.15,Medium
STU0879,22,Female,1,8.14,83.98,59.46,69.77,48.45,47.02,72.22,95.13,77.51,84.3,5,10,5,57.86,83.75,6,8,2,58.37,56.1,No,Government,65.49,58.98,68.97,51.78,Medium
STU0880,22,Male,3,7.15,70.97,74.77,70.0,73.95,70.25,59.11,87.93,58.8,80.85,0,3,2,43.94,48.91,2,7,1,49.92,59.27,Undecided,Manufacturing,56.47,76.85,49.49,29.81,Low
STU0881,22,Female,2,6.7,57.83,60.37,65.95,61.05,69.31,66.96,86.69,83.27,80.28,3,13,3,43.93,52.47,11,2,7,80.55,74.73,Yes,Healthcare,88.42,77.17,56.41,48.63,Medium
STU0882,23,Male,4,4.77,40.0,81.24,59.55,91.7,78.5,85.6,73.62,63.95,62.7,2,8,7,73.23,64.16,8,2,3,55.06,69.12,No,Manufacturing,58.49,62.78,71.42,38.29,Low
STU0883,20,Female,1,5.91,64.78,71.97,60.84,85.7,70.9,75.06,100.0,70.06,78.47,1,5,7,79.79,43.1,10,3,3,57.24,59.45,No,Research,71.53,61.88,62.4,43.99,Medium
STU0884,25,Male,2,9.49,91.48,73.88,81.14,80.49,68.28,70.25,74.08,88.47,68.11,2,6,1,45.83,64.62,6,8,7,36.73,69.4,Undecided,Manufacturing,50.55,65.25,60.38,66.27,Medium
STU0885,25,Male,2,5.66,57.07,59.83,64.99,61.64,85.3,80.9,89.37,77.96,63.67,2,6,4,57.92,64.35,4,5,3,85.95,87.77,Yes,Healthcare,86.96,77.52,49.96,47.93,Medium
STU0886,22,Male,1,7.43,81.74,79.19,69.83,95.41,52.94,65.62,66.36,59.05,63.12,1,4,4,70.89,46.29,4,7,8,92.61,100.0,No,Healthcare,89.18,73.4,71.81,54.73,Medium
STU0887,18,Male,1,8.41,93.9,97.1,98.98,69.87,76.97,59.47,67.46,59.82,86.83,1,6,7,88.24,55.7,6,9,3,81.04,54.45,Undecided,Finance,76.11,66.52,63.61,58.88,Medium
STU0888,23,Female,2,5.69,59.3,56.9,47.2,49.26,48.28,58.23,57.43,64.81,61.75,2,7,4,50.6,52.89,5,10,7,82.17,59.82,Undecided,Education,58.66,65.36,54.18,11.18,Low
STU0889,21,Male,3,7.42,74.4,65.58,65.93,67.23,59.1,82.76,69.23,76.74,81.67,2,8,4,70.61,73.74,4,5,8,49.91,59.1,Undecided,Education,50.85,62.79,73.1,39.82,Low
STU0890,18,Male,2,8.33,88.47,73.01,76.75,94.7,54.24,57.81,69.1,76.3,83.68,1,4,5,54.38,57.8,9,7,5,66.08,67.56,Undecided,Consulting,72.41,69.68,40.03,46.63,Medium
STU0891,24,Male,3,7.21,65.39,80.22,68.9,74.1,80.17,72.89,77.96,61.88,58.69,1,3,3,56.89,45.53,10,7,3,80.92,64.04,No,Government,80.02,81.18,58.7,34.32,Low
STU0892,24,Male,3,10.0,100.0,62.73,73.71,64.67,69.15,65.7,67.9,57.99,72.11,0,3,8,95.73,57.36,7,7,1,55.39,68.87,No,Information Technology,59.58,73.8,70.88,45.36,Medium
STU0893,18,Male,1,5.2,60.66,33.17,66.13,35.82,69.82,70.55,88.26,75.38,80.49,5,11,5,59.33,79.26,5,6,5,63.89,59.44,Yes,Consulting,72.09,75.54,67.78,48.47,Medium
STU0894,22,Male,3,8.47,90.99,87.67,79.49,89.68,55.61,59.19,27.02,69.82,70.81,5,21,7,71.3,75.51,8,3,3,45.49,45.79,No,Finance,46.63,44.39,83.59,54.63,Medium
STU0895,21,Female,4,6.99,59.35,79.89,91.25,85.47,66.1,74.61,76.76,97.89,76.26,2,4,7,70.29,59.91,4,7,0,65.46,71.28,Yes,Consulting,73.04,62.39,63.47,55.94,Medium
STU0896,21,Female,3,8.13,77.84,47.34,67.04,65.93,60.07,69.0,75.78,72.44,66.93,5,20,2,43.85,79.46,5,4,3,67.27,69.98,Yes,Finance,68.78,59.36,76.1,61.07,Medium
STU0897,23,Female,3,7.73,73.42,62.1,69.38,59.86,74.98,81.48,89.03,93.77,76.0,3,7,2,47.84,49.87,5,7,3,77.54,71.11,Yes,Finance,64.26,74.58,46.84,51.89,Medium
STU0898,21,Male,2,6.32,67.58,90.39,83.14,74.65,57.12,55.19,60.82,57.96,65.63,0,1,8,97.31,62.5,5,3,6,45.09,51.65,Yes,Government,65.7,50.65,74.81,33.94,Low
STU0899,24,Male,4,7.47,80.6,88.82,100.0,67.92,87.29,75.88,78.88,53.12,62.1,0,1,3,75.13,52.88,10,3,1,44.89,63.43,No,Finance,53.49,66.53,61.36,47.7,Medium
STU0900,20,Female,4,4.97,65.21,82.2,66.86,78.05,48.22,59.44,72.69,58.56,56.75,5,21,5,69.65,82.43,7,5,3,88.47,69.67,Yes,Government,74.05,71.77,73.16,67.47,Medium
STU0901,22,Female,3,7.92,77.82,67.71,63.74,58.44,59.52,71.34,85.74,86.27,80.69,3,14,5,67.86,72.79,6,4,2,86.09,70.49,Undecided,Government,75.74,72.74,66.57,55.56,Medium
STU0902,21,Male,4,7.56,74.56,71.08,67.04,59.32,91.8,73.38,73.03,93.07,71.41,4,13,2,46.62,73.79,2,3,2,60.33,63.52,Undecided,Manufacturing,61.4,71.53,76.62,53.3,Medium
STU0903,23,Male,1,7.97,89.78,68.3,77.42,65.33,64.34,78.11,74.63,62.61,67.91,4,15,4,62.64,81.9,7,8,3,92.9,87.38,No,Finance,88.82,81.17,78.2,71.75,High
STU0904,24,Male,1,8.47,88.31,84.67,70.2,73.68,52.91,75.67,87.85,66.47,67.4,2,4,8,81.43,66.13,7,3,4,72.49,72.81,No,Consulting,69.79,65.58,63.76,60.33,Medium
STU0905,20,Male,4,7.64,87.63,58.61,72.22,58.86,72.85,62.89,42.74,57.97,72.36,0,3,14,100.0,63.49,1,5,1,87.06,60.62,No,Information Technology,71.73,74.78,67.59,36.99,Low
STU0906,19,Male,4,7.38,78.44,59.52,82.79,69.4,63.82,63.81,58.01,50.26,76.03,1,4,5,60.82,58.84,5,4,3,65.64,63.91,No,Research,70.29,68.73,53.81,36.15,Low
STU0907,19,Female,1,6.14,57.16,83.13,73.63,78.51,59.13,61.29,81.82,80.62,82.75,0,0,7,89.1,62.44,5,4,2,74.68,71.93,Yes,Education,73.83,51.99,52.63,37.48,Low
STU0908,20,Female,2,6.35,57.82,69.42,64.13,67.3,55.75,91.41,87.04,74.68,61.11,1,3,4,72.69,65.78,7,0,6,64.89,86.7,No,Finance,77.79,60.5,60.39,44.54,Medium
STU0909,24,Female,1,8.62,76.72,87.92,76.47,82.19,100.0,80.7,87.51,72.13,92.84,2,11,3,76.12,71.94,11,6,5,95.06,74.21,No,Research,81.75,82.49,72.65,66.32,Medium
STU0910,23,Female,2,8.92,94.91,61.27,82.98,55.78,66.73,86.8,69.68,55.2,65.74,0,0,8,81.73,49.45,7,8,5,67.56,63.72,Yes,Consulting,69.82,66.52,51.59,54.48,Medium
STU0911,20,Female,4,6.91,80.51,69.29,67.75,71.16,44.97,47.57,45.31,91.68,90.43,1,3,6,79.11,81.39,9,4,5,68.71,76.67,Yes,Education,62.1,65.11,72.26,42.18,Medium
STU0912,22,Female,3,7.26,88.29,58.01,86.78,65.41,89.42,70.34,67.88,65.96,69.19,2,7,4,56.31,59.56,5,3,6,45.77,54.19,No,Government,62.21,64.95,67.18,27.57,Low
STU0913,22,Female,2,6.11,70.89,70.1,86.82,55.52,77.94,68.21,89.93,78.4,65.49,2,10,5,62.81,69.12,4,1,6,68.18,64.55,Undecided,Research,65.4,65.52,70.06,28.82,Low
STU0914,19,Male,2,8.61,95.63,50.78,73.38,69.89,60.04,58.56,55.96,54.55,68.13,2,8,4,46.83,61.84,4,4,4,96.12,76.9,Undecided,Research,83.64,60.41,61.27,44.19,Medium
STU0915,21,Male,1,8.0,77.94,63.66,70.83,58.2,57.87,63.36,65.86,69.71,72.72,2,10,2,55.15,61.78,1,4,6,90.31,82.98,Undecided,Healthcare,88.52,74.54,50.27,33.71,Low
STU0916,23,Male,2,9.53,87.68,51.33,77.03,61.13,78.76,68.35,62.57,75.5,83.56,3,13,7,56.56,68.25,5,7,3,67.26,74.73,No,Information Technology,73.14,66.2,63.94,68.81,Medium
STU0917,19,Female,3,6.15,71.3,79.02,84.27,87.11,66.79,61.86,76.46,75.92,78.76,5,23,9,99.64,100.0,5,2,3,68.62,66.66,No,Healthcare,73.66,69.03,96.48,82.54,High
STU0918,21,Female,4,6.75,73.67,79.32,70.03,84.88,44.96,71.82,57.91,73.86,64.45,0,2,7,79.89,54.87,5,9,6,51.32,65.84,No,Research,70.71,48.66,57.28,23.44,Low
STU0919,21,Male,4,7.48,78.07,47.51,59.49,58.47,93.23,94.19,83.1,77.93,66.8,0,1,6,64.29,58.47,4,6,4,75.23,75.06,Yes,Consulting,73.42,84.44,60.21,35.85,Low
STU0920,25,Female,1,7.98,84.53,87.34,73.31,76.41,64.36,78.45,51.35,58.43,63.86,4,8,5,80.96,86.41,6,2,3,74.88,51.88,No,Finance,66.57,67.04,81.12,56.47,Medium
STU0921,22,Male,4,6.94,74.72,100.0,89.42,96.48,89.44,85.49,60.92,74.37,72.46,2,11,0,40.33,64.89,7,4,6,77.92,75.07,Yes,Research,95.15,69.59,64.67,63.86,Medium
STU0922,24,Female,4,6.15,74.34,70.6,78.12,77.58,86.62,79.91,77.72,73.37,71.14,3,12,3,57.93,61.21,4,4,3,46.15,73.28,No,Manufacturing,58.1,76.08,71.8,48.58,Medium
STU0923,18,Male,4,8.26,93.4,61.67,64.64,59.73,56.99,60.68,47.58,74.78,71.57,1,3,4,74.21,61.53,3,6,5,87.4,83.42,Undecided,Consulting,78.82,73.12,57.72,37.41,Low
STU0924,24,Male,3,8.07,86.44,100.0,86.61,79.05,83.43,68.01,97.92,72.87,79.54,4,9,6,82.73,73.54,3,3,5,66.56,68.04,Undecided,Manufacturing,74.3,80.12,69.93,84.62,High
STU0925,18,Male,2,6.1,70.82,52.85,52.79,40.34,61.53,71.32,43.61,56.72,87.17,5,10,5,52.91,87.26,6,4,2,88.43,77.31,No,Consulting,88.42,63.86,84.47,49.4,Medium
STU0926,20,Male,2,8.83,93.07,70.26,72.0,72.18,45.73,48.84,46.92,56.19,69.89,3,9,6,71.82,64.34,9,1,2,73.06,52.23,Yes,Information Technology,72.08,50.35,79.77,54.45,Medium
STU0927,22,Male,1,8.6,84.17,72.34,81.42,70.96,64.48,59.08,65.0,45.43,64.19,0,0,9,100.0,68.32,2,4,5,91.44,81.34,No,Finance,79.99,72.59,64.36,51.43,Medium
STU0928,21,Male,2,7.36,81.54,87.49,77.04,91.48,75.17,85.36,72.29,81.81,83.12,4,15,4,64.5,70.26,10,7,1,79.74,64.57,No,Finance,72.5,71.98,76.32,78.55,High
STU0929,23,Female,2,7.3,65.94,74.68,69.28,76.66,63.98,87.8,61.48,81.93,67.63,4,19,2,43.82,77.94,9,8,3,57.43,62.13,Undecided,Finance,62.56,60.75,76.14,52.79,Medium
STU0930,18,Female,3,7.86,88.12,63.52,61.41,80.28,66.01,73.64,58.78,82.12,86.5,3,14,7,73.5,71.81,4,8,8,82.31,76.12,Undecided,Finance,76.62,60.5,60.49,48.16,Medium
STU0931,24,Male,4,6.17,57.17,57.63,62.44,56.72,84.87,89.26,68.57,75.68,61.25,0,2,8,68.93,59.08,5,6,0,85.26,78.88,Yes,Research,82.13,82.63,67.63,44.75,Medium
STU0932,21,Female,3,7.24,77.16,65.56,71.15,79.44,71.38,69.66,66.79,46.4,82.42,4,10,7,59.9,62.12,3,3,3,73.15,61.66,Yes,Consulting,67.32,67.46,66.7,41.46,Medium
STU0933,18,Female,1,4.62,45.66,56.91,50.76,58.01,59.04,53.19,84.8,59.68,61.99,1,5,5,70.95,53.07,7,4,6,65.78,59.38,Undecided,Information Technology,76.06,59.65,71.19,16.71,Low
STU0934,18,Male,4,8.25,88.12,70.62,76.11,78.62,79.13,81.73,77.32,74.04,72.47,1,3,4,73.1,66.31,5,3,3,83.86,55.55,Undecided,Information Technology,65.24,73.83,68.58,48.0,Medium
STU0935,25,Male,4,5.33,57.73,62.67,64.85,51.88,72.57,78.35,87.76,73.63,62.0,3,14,4,65.29,82.03,5,8,4,87.3,52.02,Yes,Government,84.72,72.72,74.86,54.72,Medium
STU0936,18,Male,4,9.0,79.84,50.58,59.19,62.17,37.22,57.47,63.5,69.33,69.12,1,3,4,64.85,62.2,6,6,3,50.32,60.8,No,Information Technology,50.17,48.91,72.56,27.1,Low
STU0937,23,Male,4,6.8,74.14,86.32,67.98,59.63,75.57,71.58,85.31,76.43,86.23,3,6,3,61.96,91.61,5,5,6,72.02,64.37,Yes,Consulting,83.8,65.28,76.22,60.92,Medium
STU0938,22,Female,3,6.95,68.5,63.53,82.01,64.27,75.09,83.41,42.37,72.14,59.2,3,6,2,63.05,76.13,8,6,3,67.05,51.44,Yes,Manufacturing,69.66,58.78,80.08,54.84,Medium
STU0939,23,Male,4,6.45,74.22,53.51,59.99,65.83,70.26,61.76,63.53,73.45,67.0,0,2,8,73.7,54.64,6,12,8,98.44,82.82,Undecided,Finance,83.41,84.57,61.93,36.56,Low
STU0940,19,Female,1,6.85,71.66,67.81,69.82,64.09,81.59,68.98,88.23,64.33,64.33,3,8,2,53.74,61.29,3,7,3,59.28,68.58,No,Consulting,65.65,65.28,59.83,46.94,Medium
STU0941,21,Female,2,8.9,92.87,70.89,87.49,60.49,61.26,57.49,56.58,83.78,82.5,5,20,3,53.06,94.39,11,10,5,78.33,71.43,Yes,Healthcare,80.2,60.89,71.2,70.6,High
STU0942,22,Male,2,4.21,41.19,47.3,78.93,66.48,74.37,74.32,93.75,66.83,57.03,1,6,10,75.34,69.21,9,7,3,80.39,70.48,Yes,Education,80.86,74.07,74.92,36.54,Low
STU0943,25,Female,1,8.73,84.44,74.31,68.04,71.84,49.63,51.45,76.22,56.03,57.94,3,13,3,55.92,60.21,5,10,4,70.93,79.54,Undecided,Information Technology,73.92,66.36,64.84,51.55,Medium
STU0944,22,Male,1,7.61,75.28,56.39,70.32,58.12,75.29,67.04,64.66,62.75,66.57,2,6,3,72.57,59.44,2,1,6,90.72,86.99,No,Information Technology,79.17,87.8,69.95,56.24,Medium
STU0945,22,Female,3,5.75,67.75,92.24,74.56,83.15,95.39,75.87,72.36,67.82,68.16,2,4,7,99.55,70.18,10,5,4,68.58,68.12,Undecided,Consulting,77.07,73.66,79.11,57.84,Medium
STU0946,24,Male,4,5.91,74.93,76.81,71.48,100.0,57.07,63.08,52.18,83.93,70.75,1,2,3,68.08,63.34,5,7,2,51.66,47.23,No,Manufacturing,56.72,50.78,64.37,30.75,Low
STU0947,22,Female,3,9.21,87.25,64.8,68.94,79.18,60.12,52.18,53.74,71.49,83.17,2,9,7,74.25,51.52,6,7,9,92.03,79.74,No,Manufacturing,94.16,74.24,69.17,74.02,High
STU0948,25,Female,1,6.07,72.17,60.31,58.39,76.8,60.77,68.22,52.28,69.77,79.47,0,3,6,67.5,46.89,5,2,9,63.3,75.44,No,Education,69.12,69.06,51.59,17.08,Low
STU0949,23,Male,4,5.82,47.19,68.64,62.07,74.11,71.69,84.73,80.72,57.02,57.92,5,20,4,77.73,89.07,10,7,3,71.42,73.17,Undecided,Manufacturing,74.15,67.65,97.55,63.5,Medium
STU0950,22,Female,3,8.56,78.68,77.97,65.83,76.55,56.18,66.64,47.9,81.43,79.04,3,13,5,72.47,72.26,8,4,1,67.66,64.09,Yes,Consulting,77.82,66.14,81.56,69.23,Medium
STU0951,20,Female,2,7.61,71.78,69.67,79.05,46.36,75.48,89.38,85.4,64.18,49.93,2,11,4,70.71,60.73,8,5,1,55.83,50.36,No,Research,59.44,60.62,60.88,41.55,Medium
STU0952,21,Female,3,6.07,55.16,67.18,64.98,62.16,81.01,89.79,87.22,70.8,61.76,2,6,4,59.08,67.58,8,7,6,56.25,70.7,Undecided,Information Technology,55.97,71.32,59.04,32.88,Low
STU0953,22,Female,2,7.46,66.05,70.76,73.34,66.11,76.95,82.4,56.14,89.76,84.09,2,11,5,67.39,70.85,4,4,4,46.89,76.47,Undecided,Finance,52.76,59.92,57.29,41.87,Medium
STU0954,21,Female,2,5.97,66.62,62.15,62.55,47.43,47.01,61.9,80.02,78.11,67.94,2,9,5,73.0,64.04,7,4,5,77.78,75.14,No,Finance,64.24,65.79,80.82,33.71,Low
STU0955,20,Male,4,8.52,85.18,65.54,71.37,56.47,82.94,77.55,82.04,52.46,63.92,2,6,4,57.06,54.51,5,3,4,80.8,77.44,No,Manufacturing,72.33,81.92,56.36,61.81,Medium
STU0956,20,Male,2,8.47,88.89,42.88,67.71,35.78,82.19,84.62,87.16,50.77,91.84,2,8,8,77.79,76.76,3,5,3,73.73,63.34,Yes,Education,67.39,75.17,74.74,39.8,Low
STU0957,21,Female,3,7.84,85.39,82.66,72.77,77.08,80.79,72.44,64.45,71.23,92.63,1,3,5,68.33,56.74,7,7,4,79.14,68.78,No,Government,80.92,64.59,55.25,57.13,Medium
STU0958,18,Male,4,7.63,80.53,73.88,73.57,80.82,74.85,54.86,73.38,57.45,74.63,1,4,9,94.94,69.12,3,6,4,68.03,49.94,No,Finance,70.21,64.54,73.07,37.86,Low
STU0959,19,Female,3,9.31,98.39,59.95,69.54,76.04,72.86,77.71,86.93,79.78,93.62,2,8,3,50.14,64.88,6,6,9,73.03,79.93,Undecided,Information Technology,61.16,75.54,65.81,58.79,Medium
STU0960,24,Female,1,7.2,74.31,94.68,76.49,88.22,83.42,66.23,70.85,72.51,52.73,4,16,2,77.16,68.86,9,8,3,69.58,37.76,Yes,Government,63.86,63.55,86.12,70.4,High
STU0961,18,Male,1,5.78,53.71,71.13,48.93,61.49,95.01,73.13,100.0,73.98,58.9,1,4,6,74.38,55.57,5,3,3,68.92,49.89,Undecided,Finance,60.9,82.44,68.29,39.7,Low
STU0962,18,Male,1,7.74,87.06,56.53,81.62,43.77,57.61,65.93,66.01,63.52,70.3,0,0,5,70.98,50.78,3,7,2,53.75,61.17,Yes,Education,63.04,72.37,42.52,30.8,Low
STU0963,23,Female,3,9.7,93.18,81.14,78.63,59.06,84.02,76.86,89.6,92.9,83.36,1,7,8,88.23,85.36,5,8,3,89.75,62.53,Yes,Government,90.76,73.28,77.76,82.06,High
STU0964,24,Male,2,5.98,57.27,75.17,78.18,60.65,68.88,56.88,68.64,100.0,70.64,5,21,4,62.3,67.39,5,6,3,65.66,44.17,Yes,Manufacturing,54.26,66.57,90.71,50.56,Medium
STU0965,24,Female,1,6.77,69.68,75.13,81.75,64.43,68.31,72.39,77.44,68.66,47.04,4,10,8,90.89,85.75,8,2,8,63.05,73.75,Undecided,Healthcare,72.65,66.91,82.3,61.03,Medium
STU0966,18,Male,4,7.7,72.91,64.47,59.24,65.86,50.03,72.17,45.71,76.24,76.86,3,10,7,86.79,68.85,11,5,4,61.57,49.15,No,Government,67.35,57.91,85.49,45.86,Medium
STU0967,22,Female,3,7.14,71.34,75.86,65.4,63.58,66.3,58.55,69.52,73.17,76.81,5,22,3,49.96,98.08,5,5,5,64.22,77.99,Yes,Consulting,71.77,67.49,71.79,60.87,Medium
STU0968,23,Male,2,6.02,66.59,66.6,88.76,72.02,57.04,78.39,60.88,68.88,83.39,2,8,6,74.36,69.41,3,7,6,64.38,74.27,Yes,Finance,65.63,62.65,72.15,47.0,Medium
STU0969,23,Female,3,8.55,89.39,77.23,95.05,72.15,63.97,53.18,52.45,62.02,67.8,5,12,8,86.17,79.94,5,4,5,72.94,88.8,Undecided,Information Technology,74.45,68.82,86.02,83.0,High
STU0970,20,Male,3,9.98,93.54,45.24,67.84,56.99,55.72,86.25,93.05,58.98,67.6,1,4,7,72.51,43.54,6,5,2,44.75,58.57,Undecided,Education,52.28,58.28,41.49,27.07,Low
STU0971,25,Female,1,7.44,73.55,64.36,71.76,78.8,64.16,64.76,64.14,58.37,44.13,1,5,1,58.36,60.46,6,7,4,57.09,81.85,Yes,Finance,70.98,57.23,52.35,34.75,Low
STU0972,24,Male,2,6.12,72.6,92.39,76.94,71.01,64.72,70.58,56.84,76.86,70.83,3,10,5,83.87,78.48,5,2,4,92.31,65.64,Yes,Government,74.72,67.89,85.08,54.25,Medium
STU0973,18,Female,4,5.34,61.53,60.03,67.01,69.2,71.26,53.15,60.11,65.76,74.37,2,11,5,75.26,73.46,4,2,8,91.27,76.9,Undecided,Healthcare,87.13,77.19,73.45,51.11,Medium
STU0974,20,Female,3,7.51,92.12,62.15,69.47,66.04,49.01,61.43,46.15,41.06,64.05,3,11,2,53.86,54.48,7,5,6,66.09,73.06,Undecided,Manufacturing,73.25,57.15,61.19,30.92,Low
STU0975,21,Male,3,8.52,94.94,64.18,60.85,63.96,51.21,65.33,80.87,77.34,100.0,1,5,8,78.99,81.28,4,3,2,100.0,72.74,Undecided,Finance,73.43,77.41,74.48,51.39,Medium
STU0976,19,Male,2,7.77,87.94,54.21,59.6,70.67,74.7,72.75,63.79,71.54,74.93,3,13,5,44.58,61.65,3,5,8,80.51,80.63,Undecided,Education,87.32,79.39,48.97,50.81,Medium
STU0977,25,Male,1,7.2,65.08,41.29,56.53,63.5,59.63,61.2,70.68,88.16,75.55,1,5,2,55.77,57.55,3,7,4,92.08,74.93,No,Finance,98.13,65.41,53.57,39.94,Low
STU0978,25,Female,1,6.49,73.76,67.0,61.92,59.39,83.97,68.32,89.18,76.48,61.49,0,1,3,38.45,46.62,8,6,0,71.37,57.91,Undecided,Manufacturing,64.02,71.48,36.19,25.69,Low
STU0979,25,Female,2,5.89,62.64,71.77,68.68,69.65,72.93,84.12,69.67,54.26,65.79,5,10,6,87.82,91.15,8,1,3,66.24,54.81,Undecided,Education,70.4,71.4,75.04,50.62,Medium
STU0980,23,Female,2,8.2,79.94,69.32,65.58,72.94,77.89,75.36,80.23,45.24,48.74,4,16,8,90.19,98.13,4,6,2,84.29,61.17,Undecided,Consulting,83.77,76.3,94.71,62.26,Medium
STU0981,21,Male,1,8.3,85.88,68.12,69.45,66.74,88.34,95.16,71.03,63.37,80.31,5,20,5,84.59,83.54,4,4,7,86.77,70.43,No,Healthcare,83.72,80.36,89.93,70.56,High
STU0982,25,Male,4,5.35,64.77,70.56,76.25,76.66,65.97,64.42,96.39,64.5,73.54,3,15,7,81.82,85.95,10,7,3,65.92,54.26,No,Information Technology,67.59,62.82,75.71,42.19,Medium
STU0983,21,Female,4,9.11,95.5,83.3,87.89,80.63,62.53,63.79,77.2,83.32,95.65,3,10,2,63.16,81.6,3,6,9,76.61,80.47,No,Research,65.79,77.29,67.41,70.81,High
STU0984,22,Female,4,7.89,74.86,67.52,71.51,87.46,81.33,84.75,75.68,71.89,63.59,2,6,5,67.15,74.23,8,3,3,25.93,42.91,Undecided,Research,39.7,49.6,55.43,36.36,Low
STU0985,25,Other,4,8.88,95.12,62.54,83.47,51.09,76.62,58.25,58.27,85.6,85.42,1,4,4,62.5,70.34,8,2,4,60.25,58.84,Yes,Consulting,61.65,78.47,59.1,62.08,Medium
STU0986,19,Male,2,5.59,55.85,66.35,68.25,67.27,67.56,58.27,63.92,56.1,66.45,1,5,5,62.42,48.66,9,4,7,91.41,95.0,Yes,Research,98.73,80.11,59.82,42.4,Medium
STU0987,21,Female,4,5.56,61.56,77.53,83.01,65.56,88.09,90.62,77.66,83.58,75.6,1,2,5,71.2,64.45,4,3,6,61.98,73.48,No,Government,59.64,85.71,56.81,38.47,Low
STU0988,21,Male,1,7.02,71.06,88.36,75.95,86.64,67.24,58.54,88.73,80.65,66.28,4,9,3,59.15,76.83,4,4,6,69.2,79.31,Undecided,Research,87.55,69.86,82.37,67.37,Medium
STU0989,19,Male,4,7.8,78.67,61.83,66.92,49.83,70.43,53.5,49.63,47.78,45.34,1,4,6,72.01,60.55,3,4,0,68.15,70.07,Yes,Manufacturing,81.64,84.17,48.88,21.66,Low
STU0990,25,Female,4,9.36,99.6,71.29,71.53,74.67,70.28,90.31,78.8,87.87,89.34,5,17,12,100.0,100.0,2,1,2,53.58,74.19,No,Government,58.13,62.55,78.9,83.98,High
STU0991,19,Female,3,8.05,75.17,74.4,71.36,66.62,57.85,52.09,60.47,73.12,71.87,2,7,6,75.88,79.42,4,8,5,68.67,68.91,Yes,Government,61.27,64.55,71.2,46.16,Medium
STU0992,21,Other,4,6.91,85.81,57.1,78.45,56.06,71.01,73.8,70.17,76.7,72.94,3,6,4,59.26,59.48,13,6,1,66.87,63.14,Undecided,Finance,74.76,72.64,69.83,55.37,Medium
STU0993,19,Male,3,5.97,50.98,70.27,74.86,56.18,88.16,80.36,76.86,61.62,68.2,0,0,4,59.65,36.79,6,6,5,56.26,59.53,Yes,Healthcare,59.12,75.94,51.22,30.07,Low
STU0994,21,Male,2,8.68,83.94,50.95,74.99,55.37,75.78,45.99,61.65,87.3,80.16,1,6,2,52.31,49.87,3,5,4,67.84,58.35,Undecided,Education,64.24,63.75,41.67,38.92,Low
STU0995,21,Female,2,6.04,66.95,47.0,45.23,68.7,70.4,69.01,80.23,57.77,53.89,5,22,3,53.97,51.74,8,3,4,52.35,46.42,No,Research,61.67,51.85,67.36,32.06,Low
STU0996,22,Female,3,9.15,96.44,74.77,91.07,72.87,67.9,75.04,78.55,81.99,65.97,1,3,7,83.38,63.66,8,5,3,69.27,55.11,Undecided,Consulting,57.24,60.47,67.33,37.94,Low
STU0997,18,Male,1,6.86,71.04,65.01,54.41,74.03,74.3,76.98,78.54,81.85,64.26,1,3,8,75.22,75.38,7,3,8,68.89,69.87,Undecided,Education,77.23,69.46,71.97,49.53,Medium
STU0998,21,Male,3,9.11,91.59,72.63,86.92,88.59,79.75,84.92,41.25,60.31,96.69,1,5,4,70.81,45.09,5,6,1,99.59,73.85,Undecided,Education,77.02,80.7,41.61,53.3,Medium
STU0999,25,Male,4,8.01,84.96,69.77,73.19,73.01,77.92,71.19,75.99,95.8,89.98,1,6,5,63.31,52.15,5,6,8,58.0,59.89,No,Government,52.99,68.28,55.86,48.7,Medium
STU1000,20,Female,1,7.04,71.74,57.31,71.52,57.93,65.69,76.69,51.4,74.78,74.24,1,3,0,35.88,33.98,3,7,2,82.17,58.04,Yes,Finance,78.71,72.76,45.69,33.51,Low
STU1001,23,Male,4,6.58,78.97,69.41,63.21,74.85,74.22,66.51,77.59,79.85,74.96,3,13,4,65.03,72.98,9,1,3,48.32,36.99,Yes,Consulting,54.53,58.51,61.37,49.5,Medium
STU1002,24,Male,4,6.79,76.99,53.97,75.6,56.24,76.24,60.2,85.82,53.67,65.82,2,11,5,73.09,72.6,6,4,2,100.0,67.13,No,Research,68.21,66.97,70.02,51.81,Medium
STU1003,18,Male,4,7.71,85.5,88.08,72.84,75.4,56.91,52.63,49.53,97.41,94.65,2,8,6,71.17,65.68,11,5,2,75.95,66.21,No,Research,78.54,70.82,59.64,47.62,Medium
STU1004,18,Male,4,7.29,68.85,52.37,57.32,45.6,72.19,57.86,63.16,57.31,61.88,1,5,5,55.42,46.32,5,7,3,73.59,67.28,No,Manufacturing,85.17,77.7,57.86,21.56,Low
STU1005,18,Male,3,6.49,67.85,67.45,61.12,78.36,41.9,68.95,55.42,84.3,79.23,4,13,5,52.9,72.06,7,3,4,79.19,67.49,No,Consulting,75.03,62.0,79.56,47.0,Medium
STU1006,22,Female,4,7.0,70.9,56.45,51.18,59.19,76.27,59.18,82.61,60.06,64.7,4,12,5,68.81,88.9,4,4,1,70.97,59.34,No,Healthcare,76.69,68.42,70.93,49.86,Medium
STU1007,21,Male,4,7.29,68.57,77.42,74.59,76.4,78.58,78.1,76.12,64.57,85.83,0,2,7,79.4,65.66,5,4,1,63.79,59.38,No,Education,62.94,70.78,52.32,47.53,Medium
STU1008,22,Female,1,4.65,54.37,65.69,78.04,57.77,79.72,73.21,94.29,81.47,75.15,2,6,6,76.39,63.49,7,5,3,55.94,73.03,Yes,Information Technology,73.33,77.45,76.08,47.67,Medium
STU1009,21,Male,3,7.75,75.99,63.26,91.4,71.15,64.86,68.16,73.04,84.33,88.11,0,0,4,64.85,47.7,12,4,6,73.04,68.97,No,Manufacturing,53.54,61.32,54.44,40.69,Medium
STU1010,25,Female,3,6.02,68.77,81.09,76.34,68.98,74.02,86.95,79.85,56.74,60.83,4,16,3,69.69,73.36,8,2,7,88.8,78.67,No,Healthcare,78.17,73.83,78.88,60.85,Medium
STU1011,22,Female,2,5.82,54.89,70.38,74.82,69.29,88.51,75.45,77.35,85.09,79.26,3,7,11,99.64,87.76,6,3,5,42.0,46.74,No,Research,70.18,61.45,74.54,43.27,Medium
STU1012,22,Female,3,5.18,68.65,76.72,75.41,82.97,88.38,85.89,89.97,84.54,71.58,4,15,7,76.18,65.65,10,6,2,100.0,78.7,No,Healthcare,98.06,79.36,78.62,75.95,High
STU1013,23,Female,3,5.05,49.18,57.24,61.96,71.39,69.62,71.7,49.65,60.74,61.43,1,3,2,51.89,57.18,2,2,8,57.07,70.34,Yes,Education,63.14,82.2,54.36,29.58,Low
STU1014,20,Male,1,5.57,61.67,51.74,57.13,60.24,71.81,70.79,71.75,91.18,88.65,2,11,7,76.43,62.16,10,3,1,74.64,57.82,No,Information Technology,68.68,69.7,73.76,36.05,Low
STU1015,22,Male,3,6.35,72.69,71.39,74.13,53.58,84.44,100.0,83.27,54.52,57.41,1,4,5,67.2,55.23,4,8,4,59.14,51.91,No,Education,51.97,62.17,63.22,30.48,Low
STU1016,23,Female,4,9.54,91.87,65.85,81.09,98.15,50.49,48.31,66.24,64.5,78.33,2,9,6,73.77,59.2,4,8,5,69.13,72.68,Undecided,Manufacturing,71.67,53.75,63.41,48.41,Medium
STU1017,19,Other,3,6.57,75.1,78.14,71.82,92.44,65.8,82.5,71.07,77.75,78.55,2,9,4,56.59,66.95,5,5,4,74.91,58.31,Undecided,Finance,57.08,71.75,56.38,47.96,Medium
STU1018,20,Female,1,7.41,68.09,68.96,69.24,77.15,87.36,85.88,67.43,61.76,72.04,0,2,3,48.96,38.66,4,8,4,67.33,71.88,Yes,Manufacturing,74.23,83.02,50.49,33.26,Low
STU1019,25,Female,1,7.68,89.28,72.67,78.48,64.44,82.68,72.41,74.1,75.17,74.74,3,7,3,47.15,52.27,3,4,4,72.68,86.35,No,Government,74.04,84.24,62.88,60.41,Medium
STU1020,22,Female,2,7.36,76.34,48.9,70.34,57.76,74.8,89.95,65.19,74.89,92.96,2,6,10,89.42,66.98,7,4,1,71.65,73.6,No,Information Technology,77.91,83.81,58.8,51.17,Medium
STU1021,24,Male,4,7.11,69.82,94.55,73.46,78.57,50.42,44.21,32.98,69.76,58.71,4,15,7,94.01,75.78,11,3,1,78.45,64.76,No,Research,68.99,60.09,76.32,51.59,Medium
STU1022,18,Male,2,5.77,59.84,67.86,66.07,81.96,69.35,65.99,77.16,81.99,83.67,1,4,4,52.35,60.56,5,3,6,77.43,80.34,No,Government,73.54,65.46,61.78,43.98,Medium
STU1023,19,Female,3,8.94,96.12,79.07,99.52,78.11,62.33,55.96,70.12,69.26,90.36,4,14,7,83.96,71.56,1,5,1,37.48,43.17,Yes,Government,53.38,68.36,64.54,47.63,Medium
STU1024,19,Female,2,9.37,90.24,59.13,82.5,56.68,74.3,77.56,79.33,74.78,96.13,5,12,7,79.27,86.28,6,5,3,64.99,50.61,Yes,Finance,58.9,61.99,77.94,73.51,High
STU1025,25,Male,2,5.18,51.37,74.0,77.07,67.99,59.48,55.64,77.98,85.76,54.41,5,23,4,62.71,73.58,5,4,3,90.08,73.86,No,Consulting,78.79,74.91,85.78,52.51,Medium
STU1026,23,Female,4,5.97,62.18,53.06,60.84,72.39,56.67,69.83,58.63,81.49,63.39,4,15,5,76.38,95.24,6,6,2,82.67,61.93,Undecided,Consulting,84.5,60.68,75.39,45.33,Medium
STU1027,19,Male,4,6.86,63.5,75.88,73.94,89.73,43.16,57.56,41.76,81.43,85.08,4,8,7,69.9,81.19,5,8,6,53.27,51.93,Yes,Government,67.6,57.4,63.87,53.64,Medium
STU1028,20,Female,1,6.04,77.1,65.37,79.42,83.24,85.88,73.85,74.48,58.21,52.55,3,10,8,79.86,68.65,5,9,7,64.42,54.44,No,Healthcare,69.04,63.68,67.16,58.38,Medium
STU1029,22,Male,2,7.81,76.33,70.38,85.87,78.28,64.8,73.05,65.6,78.3,60.75,1,4,4,41.34,49.25,8,4,7,66.58,69.3,Undecided,Education,69.42,81.8,43.04,46.16,Medium
STU1030,22,Male,1,6.33,72.79,79.07,60.45,72.96,72.04,69.73,60.31,61.46,64.52,3,6,1,55.44,56.08,6,8,3,66.33,74.15,Undecided,Government,88.23,72.56,58.22,47.79,Medium
STU1031,24,Female,3,9.8,99.67,53.98,63.65,30.0,69.97,60.6,65.74,56.62,78.6,3,8,5,58.04,72.93,12,4,5,67.58,67.09,No,Consulting,78.62,60.23,64.93,50.01,Medium
STU1032,25,Male,3,8.63,80.78,61.1,81.24,68.58,56.12,93.27,67.34,71.14,88.95,5,21,5,50.58,76.91,7,6,6,62.35,66.78,Yes,Manufacturing,61.93,48.63,77.66,58.31,Medium
STU1033,18,Female,1,7.46,77.1,75.95,73.95,73.75,53.63,59.26,40.12,61.15,68.66,2,8,10,100.0,81.19,5,4,3,55.47,59.89,No,Research,66.14,56.86,89.07,46.82,Medium
STU1034,23,Female,2,8.43,91.36,97.28,85.38,86.9,56.93,43.44,52.14,81.49,75.95,1,4,5,77.79,52.58,7,6,2,100.0,64.45,Yes,Education,75.78,77.26,51.07,54.32,Medium
STU1035,18,Female,2,8.53,85.45,68.2,65.56,70.05,60.6,58.85,50.11,81.77,82.24,3,15,4,61.41,53.73,3,4,4,72.73,64.06,Undecided,Manufacturing,73.33,62.46,55.64,45.56,Medium
STU1036,19,Male,4,6.52,77.03,77.68,72.48,61.46,74.77,60.97,70.81,49.17,70.94,5,15,8,96.21,76.85,11,9,4,66.76,78.9,No,Education,71.45,80.14,95.17,75.34,High
STU1037,25,Male,4,6.22,73.13,68.61,60.25,75.31,59.66,75.11,61.33,62.06,73.18,1,7,3,52.76,36.23,4,7,0,81.28,78.72,Undecided,Consulting,75.37,63.83,61.52,38.81,Low
STU1038,24,Male,1,7.29,82.04,95.25,100.0,90.71,92.7,84.93,94.24,54.48,68.46,2,9,3,73.49,66.5,7,5,4,46.61,69.75,Undecided,Finance,63.7,77.26,55.29,54.38,Medium
STU1039,18,Other,4,8.23,80.85,47.29,64.4,64.83,83.35,81.49,96.61,66.45,55.64,2,4,7,77.87,87.37,5,5,1,78.2,72.07,No,Education,69.46,75.63,74.41,60.67,Medium
STU1040,20,Female,2,7.37,68.77,71.23,70.66,80.64,80.51,72.53,81.67,77.46,64.05,1,7,11,95.43,65.18,7,3,4,48.04,75.29,Yes,Research,61.28,73.63,73.08,54.78,Medium
STU1041,22,Female,2,5.31,53.49,48.87,60.42,64.92,68.44,68.0,50.3,69.09,77.23,0,3,4,57.17,42.08,6,4,6,75.44,62.52,No,Research,74.16,63.81,46.72,19.78,Low
STU1042,19,Female,4,6.24,67.53,37.41,63.17,48.48,89.69,76.65,95.31,64.92,69.8,2,7,3,61.52,61.07,6,4,5,57.06,92.2,Undecided,Government,73.67,75.11,48.34,44.75,Medium
STU1043,24,Female,4,7.11,77.81,73.87,83.04,71.92,67.17,69.41,87.99,87.6,75.61,4,18,8,77.78,72.25,3,7,4,80.51,50.61,Yes,Government,67.74,58.82,90.05,72.01,High
STU1044,18,Female,4,7.11,58.79,71.81,76.48,72.41,69.59,79.67,73.51,44.34,68.94,0,2,2,59.57,36.01,5,5,3,100.0,72.75,Undecided,Government,83.37,84.39,27.32,43.62,Medium
STU1045,23,Male,3,9.57,96.07,66.3,73.41,69.54,72.21,75.86,88.48,86.84,74.51,2,4,8,83.7,63.93,3,3,6,72.31,37.62,Undecided,Information Technology,58.88,61.54,51.08,54.12,Medium
STU1046,20,Female,2,5.54,60.97,68.62,64.84,79.72,79.12,80.61,69.37,65.47,63.95,3,9,7,89.18,76.4,4,4,3,47.58,65.18,No,Information Technology,70.44,63.66,80.38,41.01,Medium
STU1047,20,Male,4,7.81,78.35,100.0,93.57,93.44,78.28,80.22,53.25,71.06,74.98,5,22,4,74.73,100.0,5,4,2,60.24,48.41,No,Consulting,66.37,62.99,84.44,70.45,High
STU1048,18,Female,2,8.99,99.95,66.64,75.75,89.43,63.82,77.56,61.98,65.67,75.71,5,10,4,68.81,77.64,7,4,5,75.15,60.7,No,Research,58.41,69.72,86.58,71.71,High
STU1049,22,Female,3,9.93,100.0,76.63,84.44,96.21,63.07,71.26,89.46,90.51,88.06,2,11,3,49.02,58.56,6,7,8,89.02,95.87,No,Education,81.55,63.18,43.78,81.4,High
STU1050,18,Female,2,6.71,79.56,61.56,73.74,66.65,78.32,78.83,57.28,57.23,68.33,5,15,8,64.39,67.04,13,3,5,53.25,61.2,Yes,Research,51.87,59.2,77.78,41.85,Medium
STU1051,19,Male,3,7.79,78.6,73.84,82.02,34.25,79.3,87.57,78.47,72.14,61.56,0,1,3,52.45,52.92,6,6,6,98.1,87.72,Yes,Consulting,86.78,91.92,63.67,58.03,Medium
STU1052,18,Male,2,7.88,87.48,66.9,61.5,81.16,64.89,62.55,66.52,78.33,80.75,3,9,5,64.88,61.56,8,5,2,79.49,62.16,Yes,Healthcare,81.2,69.65,61.57,62.39,Medium
STU1053,20,Male,1,7.43,88.32,64.66,80.73,62.16,49.37,53.66,52.97,52.67,59.76,3,10,5,64.8,57.63,10,11,3,69.84,55.95,Yes,Information Technology,60.36,54.77,71.62,29.81,Low
STU1054,24,Male,4,7.08,82.9,93.65,84.29,75.49,67.3,58.43,59.95,60.96,73.79,1,5,3,76.52,51.33,5,5,5,82.96,82.97,Yes,Manufacturing,84.61,79.55,64.65,49.73,Medium
STU1055,18,Male,1,7.72,71.84,85.3,84.19,74.93,78.11,76.98,75.34,70.22,83.58,2,7,7,81.71,63.26,7,6,2,51.0,58.56,Undecided,Consulting,66.22,66.93,66.42,47.87,Medium
STU1056,22,Female,3,4.16,45.66,71.78,69.5,67.01,93.47,63.52,66.85,61.36,56.86,1,5,4,65.31,45.56,5,2,3,56.3,62.84,No,Education,47.17,82.14,68.59,25.88,Low
STU1057,25,Female,2,8.02,79.76,40.05,73.8,60.15,54.43,69.12,48.73,62.21,61.04,4,8,5,60.13,75.96,5,6,4,49.38,54.33,Yes,Education,52.47,51.33,73.26,32.99,Low
STU1058,24,Male,1,7.35,79.57,65.31,83.07,52.33,64.45,67.91,70.46,67.8,72.05,2,11,4,57.81,49.28,5,5,2,100.0,72.36,No,Information Technology,74.14,70.46,53.24,38.04,Low
STU1059,23,Male,1,6.93,77.17,100.0,97.78,76.22,64.94,80.57,85.31,79.79,68.46,3,12,4,74.85,79.4,7,4,4,70.2,61.59,No,Healthcare,63.73,57.53,74.88,71.64,High
STU1060,21,Male,1,9.66,91.07,67.0,88.57,72.28,87.63,72.71,85.79,67.89,82.59,1,5,5,76.86,56.66,3,3,4,72.75,76.06,Yes,Manufacturing,77.75,84.97,42.23,56.36,Medium
STU1061,18,Female,4,6.39,67.98,84.34,79.08,84.62,69.55,69.26,59.91,84.94,72.94,1,6,3,66.91,48.59,5,1,2,86.99,69.76,Undecided,Government,66.51,79.93,40.99,44.07,Medium
STU1062,22,Female,2,6.72,56.34,88.75,74.91,87.23,58.2,77.41,54.63,60.03,78.12,5,18,3,70.81,76.49,5,4,4,48.63,66.25,Yes,Government,60.11,62.88,79.78,55.62,Medium
STU1063,24,Female,4,9.59,100.0,72.85,89.77,64.2,77.26,88.6,74.91,56.98,87.56,3,12,4,68.16,60.11,5,5,4,57.79,60.05,Yes,Government,49.68,61.44,71.81,58.68,Medium
STU1064,22,Female,3,6.2,62.21,59.06,69.21,54.7,64.74,62.33,84.81,95.12,73.93,5,22,6,83.85,88.76,5,4,4,75.3,87.27,Yes,Government,70.54,63.59,78.47,56.85,Medium
STU1065,23,Other,2,6.54,69.25,38.34,54.02,48.02,54.08,66.15,72.42,64.1,74.91,1,5,5,50.0,45.55,11,1,5,95.3,77.7,Undecided,Research,93.47,76.39,35.67,26.0,Low
STU1066,20,Female,3,7.02,71.01,78.89,78.59,77.79,58.39,69.22,75.27,56.27,63.2,1,4,4,87.62,77.16,7,8,4,83.31,75.71,Undecided,Information Technology,83.87,70.8,64.44,59.37,Medium
STU1067,22,Male,3,8.21,91.91,59.41,73.62,79.53,92.54,85.38,91.7,51.1,72.8,2,7,1,53.76,35.45,5,3,4,75.34,75.18,Undecided,Information Technology,66.3,75.38,51.44,57.55,Medium
STU1068,24,Female,4,7.45,57.19,72.29,60.72,51.29,74.99,71.12,76.69,84.9,67.23,2,11,5,79.73,80.57,3,8,4,73.87,60.5,Undecided,Government,69.41,74.32,87.53,55.07,Medium
STU1069,22,Male,2,5.65,60.73,53.75,70.77,59.36,71.4,84.94,77.03,67.9,73.52,1,3,2,59.29,47.99,9,2,4,86.89,69.95,Yes,Consulting,76.95,85.49,57.4,45.54,Medium
STU1070,22,Female,2,6.56,68.3,66.55,69.29,55.28,66.75,51.14,70.53,68.96,82.49,3,7,5,76.58,89.64,3,5,2,55.53,64.12,No,Research,64.35,61.32,82.36,47.86,Medium
STU1071,22,Male,4,6.47,65.05,70.44,85.86,54.22,73.8,69.0,64.05,70.09,75.98,2,5,5,59.33,61.94,10,4,7,74.49,59.69,No,Finance,75.58,69.58,74.44,42.13,Medium
STU1072,19,Female,4,7.11,86.07,73.49,65.19,82.09,73.64,77.62,56.6,84.16,88.67,1,4,3,51.66,63.66,6,3,4,77.04,74.26,Undecided,Government,93.37,79.22,71.25,45.69,Medium
STU1073,19,Female,4,7.71,73.18,55.51,61.14,67.98,73.8,77.78,82.35,69.85,79.88,2,4,5,70.02,64.25,6,6,4,66.04,52.07,No,Government,60.57,73.88,71.93,60.24,Medium
STU1074,20,Female,2,7.7,84.7,85.56,83.41,83.55,71.49,85.7,90.72,100.0,89.61,2,8,5,79.57,67.45,3,4,4,68.02,51.9,Undecided,Consulting,77.76,66.32,75.71,69.22,Medium
STU1075,18,Female,4,5.07,58.12,62.24,72.45,75.44,81.29,88.56,65.9,73.61,57.17,3,11,8,88.87,69.06,1,3,5,45.84,50.04,No,Information Technology,47.02,53.41,70.11,35.94,Low
STU1076,22,Male,3,8.48,95.15,48.23,73.2,53.73,70.3,68.78,79.51,84.74,99.03,2,7,4,57.25,58.99,3,3,4,61.74,69.29,No,Manufacturing,66.19,73.79,57.48,48.2,Medium
STU1077,23,Male,3,7.5,72.83,68.58,73.84,65.39,57.29,78.78,90.06,81.66,91.23,2,6,6,63.46,52.39,7,3,5,34.53,83.57,No,Finance,56.38,54.34,54.39,43.18,Medium
STU1078,18,Male,2,8.86,84.61,70.45,67.3,92.6,62.04,60.78,64.76,71.56,73.98,1,2,5,68.78,60.39,12,3,3,80.09,56.31,Undecided,Healthcare,67.71,68.62,65.38,67.03,Medium
STU1079,23,Male,3,7.73,87.24,72.09,68.72,69.18,44.27,69.23,53.48,64.96,71.69,5,22,8,91.16,93.08,8,3,3,71.86,66.82,Undecided,Research,72.39,65.87,94.71,55.83,Medium
STU1080,18,Female,1,8.52,89.66,87.71,88.43,87.59,96.35,100.0,88.56,75.98,84.69,5,21,5,73.67,83.24,5,10,0,67.99,68.65,No,Healthcare,75.01,83.4,93.01,94.37,High
STU1081,20,Male,2,7.76,69.03,66.93,58.37,68.88,81.22,88.7,72.74,78.12,77.55,3,9,2,53.39,76.73,8,10,3,73.88,71.99,Yes,Information Technology,75.96,75.99,74.98,67.89,Medium
STU1082,22,Female,4,8.82,85.6,68.44,71.5,51.16,59.21,67.7,59.1,65.13,72.68,0,3,3,59.19,53.65,6,6,6,74.52,66.29,No,Manufacturing,77.17,65.35,48.03,35.33,Low
STU1083,22,Female,2,7.83,83.17,55.66,73.16,42.17,66.34,66.54,73.07,74.0,65.06,2,9,8,75.3,57.92,5,5,1,64.83,66.56,No,Healthcare,72.34,61.59,68.62,35.71,Low
STU1084,21,Female,1,7.08,79.58,80.67,71.3,70.58,61.72,52.49,42.56,86.83,81.65,3,10,9,86.72,83.37,7,3,5,49.07,57.03,No,Manufacturing,59.35,59.91,93.91,40.18,Medium
STU1085,23,Male,1,9.93,94.62,72.4,93.54,82.38,90.05,83.63,62.46,96.84,92.13,5,16,1,67.21,91.4,7,6,4,77.47,68.73,No,Consulting,73.13,72.74,82.06,83.55,High
STU1086,18,Female,4,8.27,64.03,64.54,76.24,75.38,51.54,52.04,59.33,82.25,78.62,5,10,2,65.06,57.08,6,4,5,55.14,55.4,Yes,Consulting,54.92,60.55,74.68,58.47,Medium
STU1087,18,Female,3,7.89,84.67,45.24,52.42,66.02,71.49,64.24,68.09,94.35,86.08,4,8,3,59.4,61.93,4,6,3,75.25,78.15,No,Manufacturing,72.97,78.63,67.35,51.76,Medium
STU1088,25,Male,2,5.67,52.49,88.78,65.86,70.96,68.59,58.96,69.91,64.45,60.27,0,3,6,84.39,54.07,9,5,5,89.65,79.32,Undecided,Government,92.64,75.34,60.41,45.49,Medium
STU1089,25,Female,4,5.65,46.73,54.04,37.39,77.88,80.75,71.73,95.8,80.42,74.43,5,17,7,65.88,73.21,4,0,4,96.59,73.89,Yes,Finance,80.74,77.04,80.32,58.31,Medium
STU1090,19,Female,4,7.55,58.12,62.31,57.12,56.62,68.65,70.61,71.13,88.06,72.35,3,14,6,78.91,80.95,8,8,4,75.7,72.79,Undecided,Information Technology,78.67,60.47,83.78,55.47,Medium
STU1091,21,Male,2,7.37,82.03,74.66,83.44,75.19,47.14,63.95,69.35,61.24,67.9,4,18,8,95.05,78.16,7,6,4,65.36,66.79,Yes,Manufacturing,78.47,53.64,79.69,51.68,Medium
STU1092,24,Female,3,6.46,69.04,54.44,60.35,61.84,66.74,64.03,55.39,66.17,67.39,2,8,5,61.3,51.58,5,3,9,62.89,78.1,Yes,Research,74.34,63.83,61.4,37.56,Low
STU1093,25,Male,4,7.37,74.75,50.58,67.61,58.08,57.36,76.5,78.33,92.85,63.3,1,4,8,69.16,61.05,3,7,6,75.08,81.0,Yes,Government,78.92,68.32,50.16,24.15,Low
STU1094,24,Male,3,9.11,100.0,42.39,56.9,68.7,71.03,69.88,63.9,60.3,76.45,2,6,4,58.25,57.99,4,5,4,40.86,60.45,Undecided,Manufacturing,66.76,55.4,50.67,45.44,Medium
STU1095,19,Male,1,8.03,86.73,79.37,87.46,68.6,88.64,72.01,76.22,55.91,78.32,1,5,4,76.32,72.75,8,4,2,57.93,51.08,Yes,Consulting,60.13,75.48,73.01,38.38,Low
STU1096,19,Male,4,5.83,73.78,62.91,64.69,53.1,47.39,63.59,60.8,90.34,80.98,2,9,8,76.9,71.47,12,2,3,58.57,44.12,Undecided,Manufacturing,54.14,60.98,57.47,20.92,Low
STU1097,19,Male,3,7.07,63.88,100.0,82.46,87.2,59.6,86.46,85.56,86.36,86.95,4,16,6,89.23,100.0,6,6,3,76.16,75.26,No,Government,87.24,68.66,92.0,75.89,High
STU1098,23,Male,2,6.23,65.83,57.07,62.98,59.39,62.81,71.62,53.05,77.19,68.83,0,0,11,87.71,49.18,7,4,2,69.16,57.59,No,Information Technology,63.69,55.8,51.72,15.66,Low
STU1099,23,Female,2,6.73,59.25,58.02,51.67,97.68,65.04,65.64,39.84,71.45,71.56,1,3,2,41.21,32.19,8,6,2,72.31,75.48,Undecided,Finance,74.52,55.71,34.2,12.99,Low
STU1100,20,Female,1,6.7,68.69,62.65,58.01,73.22,79.62,60.55,66.54,66.74,76.2,1,3,5,68.57,72.19,6,3,4,68.15,52.15,Yes,Consulting,60.46,69.65,66.17,36.65,Low
STU1101,20,Female,1,6.63,67.93,73.16,79.44,68.14,67.74,68.29,74.46,75.38,92.48,2,10,3,54.09,89.3,9,7,3,66.7,55.1,Yes,Manufacturing,49.57,62.4,85.23,44.78,Medium
STU1102,19,Male,4,5.69,65.6,63.89,69.9,56.58,75.41,76.28,75.38,90.96,76.55,5,10,8,85.8,87.09,9,3,7,74.58,73.87,Yes,Education,63.3,67.4,91.17,56.81,Medium
STU1103,21,Male,1,7.05,73.77,77.96,84.3,56.08,61.86,63.96,80.64,74.86,63.88,1,3,4,54.36,49.56,4,5,6,80.46,76.25,No,Government,70.45,68.41,49.4,39.71,Low
STU1104,18,Female,2,6.53,73.13,57.28,68.97,53.25,72.99,56.19,71.16,98.0,87.63,1,2,7,68.19,59.55,8,4,3,86.02,80.6,Yes,Consulting,82.27,91.5,54.11,35.11,Low
STU1105,23,Male,3,4.0,50.92,52.04,57.38,61.77,80.11,67.54,64.9,61.22,77.98,5,18,9,91.45,83.05,6,5,8,69.6,85.83,No,Government,77.53,87.51,81.12,53.64,Medium
STU1106,21,Male,1,9.66,100.0,46.62,57.17,71.91,60.48,81.76,43.83,71.76,78.63,4,15,6,71.86,58.29,8,2,3,85.78,70.52,Yes,Government,80.77,80.34,70.4,53.93,Medium
STU1107,22,Female,4,8.51,84.38,41.09,60.86,65.82,80.16,90.41,76.84,67.52,82.36,0,1,4,57.73,50.52,5,6,5,93.85,85.38,No,Finance,82.43,79.91,56.98,50.28,Medium
STU1108,23,Male,2,6.75,64.16,63.27,65.71,69.09,70.68,62.94,80.03,58.98,76.21,3,14,2,48.58,62.53,5,3,3,60.87,43.89,Undecided,Information Technology,52.54,60.5,63.16,34.2,Low
STU1109,23,Female,2,7.22,76.7,66.09,87.21,65.12,83.59,84.34,73.71,70.16,82.05,3,11,7,78.24,60.46,4,3,4,81.87,68.34,No,Healthcare,97.81,83.45,69.13,61.36,Medium
STU1110,20,Female,2,5.79,56.49,61.79,68.07,68.67,67.38,58.54,65.67,77.01,69.0,3,9,9,84.83,70.76,7,3,3,61.46,70.58,No,Manufacturing,62.61,66.76,61.98,37.15,Low
STU1111,18,Male,2,9.23,100.0,86.16,100.0,74.2,74.96,87.78,82.52,78.29,77.2,2,6,4,88.83,58.47,9,5,3,88.42,72.66,No,Education,83.38,80.16,58.89,82.29,High
STU1112,18,Male,1,9.48,93.34,85.96,91.13,96.46,69.47,73.71,58.98,98.05,86.35,5,17,7,87.62,93.76,7,7,6,72.82,87.05,No,Research,85.93,65.83,81.24,100.0,High
STU1113,25,Female,4,7.39,72.55,65.65,64.24,66.22,68.75,80.43,80.82,77.57,77.79,0,3,7,71.84,53.47,8,4,6,64.11,60.06,No,Healthcare,68.11,68.17,52.06,45.92,Medium
STU1114,24,Male,4,8.43,82.57,46.68,65.84,56.81,73.37,55.87,85.54,85.8,87.81,1,4,4,55.69,54.9,5,6,8,56.38,79.66,Undecided,Consulting,66.5,60.39,53.69,40.77,Medium
STU1115,24,Male,2,7.41,81.72,62.63,73.68,44.29,76.98,81.42,73.67,72.79,78.44,2,9,3,43.48,59.59,7,4,2,61.41,55.62,Yes,Healthcare,54.15,53.12,69.39,37.86,Low
STU1116,24,Other,3,5.6,59.3,62.2,56.23,64.26,53.76,64.12,50.33,92.14,69.98,2,5,3,41.54,64.58,8,8,5,67.67,73.63,Yes,Manufacturing,63.09,60.84,58.39,23.5,Low
STU1117,24,Male,4,6.71,65.9,61.46,62.65,74.17,88.64,88.41,80.3,100.0,83.06,5,20,6,83.21,90.06,4,10,4,86.86,64.73,Yes,Manufacturing,73.75,85.83,84.27,69.31,Medium
STU1118,22,Female,4,7.36,87.9,60.93,71.54,54.83,45.82,69.77,37.18,78.37,87.02,2,7,3,58.52,66.56,4,4,7,65.54,73.39,Yes,Healthcare,69.21,61.65,68.85,30.22,Low
STU1119,22,Other,2,6.65,63.86,61.5,77.87,58.32,61.1,68.15,71.17,60.09,68.79,0,1,4,57.91,66.35,7,7,2,63.24,69.88,Yes,Government,67.64,63.16,61.62,26.52,Low
STU1120,23,Male,2,6.94,72.71,64.97,53.04,75.66,68.77,64.94,73.35,65.41,62.55,2,8,5,67.53,73.68,3,5,2,96.62,80.58,Yes,Government,81.63,65.12,67.66,46.8,Medium
STU1121,19,Male,2,7.09,78.38,61.74,79.86,51.19,75.36,81.71,95.55,75.38,73.41,2,9,5,65.78,65.49,2,9,2,63.97,62.6,No,Education,62.33,58.95,62.76,44.03,Medium
STU1122,20,Male,3,7.1,62.48,72.71,62.09,82.57,90.49,80.12,76.34,77.48,78.64,5,22,9,90.99,92.96,5,4,6,52.65,73.63,Yes,Finance,74.17,72.37,100.0,67.76,Medium
STU1123,20,Male,4,7.26,78.7,74.68,65.17,67.75,45.84,51.9,62.53,80.38,64.21,3,12,2,65.32,60.84,7,10,7,49.47,72.75,Yes,Manufacturing,55.54,53.18,68.51,48.1,Medium
STU1124,24,Male,1,5.93,55.98,58.16,70.2,60.1,63.4,59.33,54.28,77.52,49.01,3,8,3,59.64,60.39,7,3,3,58.95,58.64,No,Research,57.26,61.48,55.21,22.1,Low
STU1125,23,Female,2,6.34,72.82,86.52,85.28,68.35,42.35,44.29,49.81,72.08,85.68,3,13,5,72.01,70.82,5,4,2,69.96,65.37,Yes,Research,60.23,68.3,68.52,43.21,Medium
STU1126,25,Male,4,5.66,54.2,57.26,69.77,67.27,70.41,66.58,50.6,64.37,67.88,4,15,7,61.05,69.88,9,3,4,70.41,76.47,Undecided,Government,93.47,71.91,74.91,61.94,Medium
STU1127,21,Female,4,8.37,90.18,48.97,75.01,83.53,73.53,84.12,73.49,76.81,85.07,3,10,2,39.12,77.5,4,4,5,60.72,84.88,No,Manufacturing,58.36,79.62,59.96,65.68,Medium
STU1128,19,Other,4,4.67,59.77,74.95,86.13,81.04,90.68,82.58,75.91,94.26,64.51,1,6,2,62.3,59.65,7,8,2,46.82,60.92,Yes,Information Technology,54.93,65.84,61.98,33.34,Low
STU1129,23,Female,4,8.58,93.25,59.37,78.82,56.01,71.57,66.91,72.9,84.24,89.55,4,9,7,88.28,87.22,9,5,4,56.71,51.33,Yes,Manufacturing,71.23,49.61,72.52,70.63,High
STU1130,19,Female,2,8.86,91.5,74.18,79.15,84.16,83.57,85.66,71.39,78.42,83.03,3,13,0,38.94,70.31,4,2,4,50.18,64.58,No,Information Technology,69.86,75.34,68.24,56.81,Medium
STU1131,19,Male,3,6.84,69.94,38.75,59.66,50.15,77.59,66.59,71.7,84.35,60.53,3,12,6,55.33,66.96,7,9,2,24.95,66.18,Yes,Healthcare,51.78,68.48,62.19,34.82,Low
STU1132,19,Female,3,4.08,42.69,88.1,79.53,94.2,64.34,69.91,64.55,67.55,73.03,5,22,4,67.38,79.19,4,1,2,35.25,44.85,Yes,Education,49.99,62.3,75.47,51.49,Medium
STU1133,23,Female,1,6.77,81.23,78.74,72.63,83.37,51.68,61.46,58.45,65.9,74.63,4,17,4,81.83,84.32,9,6,6,74.44,59.96,No,Research,61.92,55.61,88.27,53.57,Medium
STU1134,24,Male,3,7.12,69.18,50.49,56.72,30.34,73.58,80.9,75.67,63.03,64.56,4,15,9,83.85,86.6,5,2,4,65.42,70.96,No,Research,58.59,66.47,82.38,51.39,Medium
STU1135,20,Male,3,5.99,56.65,50.78,55.21,49.89,50.6,47.0,57.59,70.5,62.58,5,12,6,61.67,93.67,3,7,5,78.82,73.19,Yes,Research,71.49,61.25,77.31,39.28,Low
STU1136,20,Female,1,6.58,73.88,91.74,65.3,91.9,86.84,70.58,83.55,66.94,52.8,1,4,7,84.22,51.11,7,6,6,59.94,68.85,Yes,Information Technology,62.44,76.54,60.89,44.54,Medium
STU1137,24,Male,4,9.04,85.79,60.41,73.32,66.74,67.89,54.17,62.48,86.5,86.32,2,8,9,81.92,62.38,4,5,8,60.9,70.32,Undecided,Information Technology,70.65,60.77,67.0,59.21,Medium
STU1138,19,Male,3,8.0,75.35,59.16,52.91,54.3,85.54,75.9,71.75,66.3,73.62,3,10,7,81.34,74.81,11,5,3,57.11,55.48,Undecided,Finance,59.47,71.56,71.03,54.33,Medium
STU1139,21,Male,4,6.09,54.7,40.54,52.81,47.96,63.76,80.81,70.05,62.37,61.11,2,7,6,79.82,78.3,4,4,5,56.63,57.71,No,Healthcare,72.36,66.7,74.13,20.63,Low
STU1140,18,Male,1,5.28,54.14,65.44,70.32,48.93,73.5,68.02,61.61,95.31,84.05,4,19,5,68.95,84.45,7,3,3,58.63,64.43,Undecided,Information Technology,65.77,71.19,77.16,43.25,Medium
STU1141,23,Female,2,6.81,70.71,67.04,66.1,67.99,72.72,67.62,65.53,66.58,57.27,3,8,5,77.21,74.97,4,6,2,95.97,79.75,No,Information Technology,74.73,73.02,80.54,44.34,Medium
STU1142,18,Female,3,6.94,74.16,79.3,90.06,97.72,69.41,79.95,97.71,73.84,67.74,3,15,2,46.99,71.99,5,3,3,68.34,61.38,Yes,Government,57.18,72.9,51.1,43.15,Medium
STU1143,25,Female,2,7.8,86.86,51.81,57.03,68.54,64.38,79.66,61.02,77.42,70.98,5,11,3,71.86,77.01,7,4,6,58.11,80.45,No,Healthcare,66.65,66.79,81.25,55.71,Medium
STU1144,24,Male,3,6.56,72.73,50.24,72.59,81.54,75.1,72.91,68.95,58.36,65.45,1,7,4,46.87,68.58,10,6,9,84.41,82.97,Yes,Manufacturing,77.04,74.28,65.92,46.59,Medium
STU1145,21,Male,4,7.81,78.95,75.86,82.17,82.55,57.96,72.93,63.37,86.83,79.29,3,15,6,86.25,69.14,12,8,6,69.62,79.04,No,Education,73.87,72.56,70.93,72.93,High
STU1146,23,Male,1,9.52,94.29,83.09,71.66,87.97,54.28,53.66,57.38,79.65,85.77,2,7,4,71.79,48.58,2,8,6,86.21,72.92,Yes,Consulting,84.8,68.25,59.93,50.96,Medium
STU1147,24,Male,3,8.18,87.19,49.58,89.51,79.01,86.16,92.55,77.96,90.7,79.6,1,5,6,57.29,59.97,7,5,4,77.46,71.6,Yes,Consulting,79.16,86.64,67.07,51.62,Medium
STU1148,19,Male,3,7.14,83.17,84.06,81.43,82.01,79.45,97.24,85.25,63.85,65.37,1,2,6,86.1,51.11,5,5,5,72.06,73.74,Undecided,Government,65.57,80.88,43.94,63.38,Medium
STU1149,20,Female,2,6.98,73.7,70.49,65.5,68.9,70.86,77.1,52.18,73.19,87.93,4,11,6,74.44,73.69,3,3,5,74.49,70.02,Undecided,Research,81.36,75.1,89.33,52.69,Medium
STU1150,18,Male,4,6.77,67.65,84.19,65.31,88.63,91.65,60.4,84.5,72.47,92.12,3,12,1,47.17,60.44,4,5,4,75.68,57.85,Undecided,Healthcare,66.9,76.91,65.48,44.9,Medium
STU1151,22,Female,4,8.62,80.63,69.09,72.55,84.54,66.52,64.35,74.74,75.17,77.06,4,18,4,64.27,78.86,3,8,3,50.89,71.53,Undecided,Consulting,63.27,55.08,75.0,71.14,High
STU1152,22,Male,3,6.45,57.93,37.21,51.0,47.67,87.2,85.37,64.77,54.54,54.83,2,6,3,34.82,61.06,5,5,2,71.78,62.76,Undecided,Finance,62.95,66.51,61.35,23.98,Low
STU1153,21,Male,3,7.25,79.91,68.02,74.4,62.2,72.28,68.31,42.75,73.33,88.25,1,4,5,64.95,43.48,8,3,8,74.22,56.86,Yes,Research,71.19,84.34,52.05,38.57,Low
STU1154,19,Male,3,7.26,79.39,83.78,78.11,79.47,56.68,78.23,57.83,54.88,56.23,2,5,11,96.61,64.39,10,3,5,76.14,66.92,No,Consulting,75.14,68.29,64.59,47.33,Medium
STU1155,25,Female,4,6.6,73.44,58.38,72.04,72.42,94.02,88.19,79.46,76.3,70.58,2,7,8,78.97,100.0,4,5,4,62.68,80.86,No,Finance,81.83,87.39,73.93,51.81,Medium
STU1156,18,Female,3,5.55,59.05,64.96,61.8,75.71,82.88,70.23,100.0,46.46,53.34,5,16,4,48.89,72.44,3,5,3,88.1,83.89,Yes,Education,79.57,82.89,69.79,51.43,Medium
STU1157,19,Female,4,7.59,88.16,67.71,60.85,55.0,68.43,71.12,76.52,49.78,60.35,0,0,6,59.37,32.31,6,4,7,73.39,77.44,Undecided,Finance,75.82,70.59,42.44,34.08,Low
STU1158,18,Male,4,7.13,70.78,32.31,53.12,68.89,79.45,66.81,49.55,81.82,71.8,5,11,4,44.52,62.72,5,3,5,63.8,75.8,Yes,Government,72.88,73.45,71.15,47.81,Medium
STU1159,21,Male,2,7.8,86.89,91.73,67.75,76.04,64.75,67.31,59.47,65.44,67.27,5,10,7,86.8,84.45,17,4,2,76.05,79.76,No,Healthcare,79.29,72.23,87.74,60.74,Medium
STU1160,21,Female,4,6.56,68.77,58.28,68.13,61.4,80.78,70.81,72.34,60.15,67.23,5,18,2,42.61,72.09,4,8,1,85.62,68.11,Undecided,Government,86.46,77.61,72.51,63.72,Medium
STU1161,25,Male,1,8.66,83.68,76.57,70.91,65.09,38.92,69.26,65.02,87.25,80.71,2,7,2,60.49,73.12,5,6,5,59.09,76.29,Yes,Government,62.81,65.4,75.97,49.65,Medium
STU1162,22,Female,2,6.15,69.5,68.87,71.62,96.86,56.74,86.69,56.75,75.93,66.51,5,12,4,69.72,99.23,9,5,5,57.12,57.05,No,Manufacturing,64.02,63.58,83.43,59.36,Medium
STU1163,19,Male,2,9.25,96.12,86.35,98.01,81.91,82.73,62.92,69.08,82.47,80.05,2,10,10,93.47,66.14,6,3,5,82.26,63.13,No,Consulting,78.08,78.66,83.83,81.2,High
STU1164,23,Male,4,5.1,58.4,75.28,61.73,64.89,66.75,50.81,53.86,70.01,64.37,0,0,9,100.0,59.32,6,9,4,84.46,72.73,No,Finance,75.91,77.52,75.07,31.26,Low
STU1165,22,Male,4,7.72,80.05,66.95,81.64,77.46,72.7,70.26,57.52,100.0,90.31,1,5,5,66.01,58.89,3,5,6,68.37,78.33,No,Healthcare,74.86,77.65,42.0,54.23,Medium
STU1166,19,Male,3,7.77,79.66,58.38,65.68,71.8,52.49,48.44,61.19,64.75,70.97,5,12,2,65.09,73.78,6,8,1,67.2,73.12,Undecided,Finance,72.17,64.55,68.49,52.12,Medium
STU1167,22,Female,4,6.25,82.97,80.37,94.23,74.33,94.02,82.77,89.76,92.93,89.34,0,0,3,61.05,61.35,2,3,3,83.34,69.19,No,Information Technology,79.87,85.95,43.62,49.81,Medium
STU1168,23,Male,3,7.71,87.68,45.65,63.31,65.51,85.48,85.96,89.55,71.26,82.34,2,6,6,57.0,84.47,4,3,6,58.04,59.05,Yes,Information Technology,59.56,74.98,78.88,49.25,Medium
STU1169,20,Male,4,8.74,93.72,78.4,76.36,66.87,67.39,85.27,81.58,52.15,78.59,0,1,6,87.26,60.12,4,5,5,34.21,78.59,Undecided,Manufacturing,52.38,65.42,60.83,41.89,Medium
STU1170,20,Male,3,4.54,51.64,55.71,63.64,57.71,64.74,71.15,63.12,77.79,78.9,1,3,8,71.17,62.75,5,3,4,71.68,66.19,No,Research,71.58,66.98,57.65,18.83,Low
STU1171,25,Male,2,7.8,87.25,86.28,80.88,59.35,83.38,75.59,83.88,75.78,68.2,0,2,3,74.3,48.86,5,7,2,71.69,54.05,Yes,Government,70.99,76.98,44.24,47.71,Medium
STU1172,20,Female,1,4.21,51.52,72.1,58.75,58.42,95.77,63.31,77.81,59.38,56.59,4,13,9,91.2,88.84,7,5,3,83.99,76.19,Yes,Consulting,72.7,78.2,93.74,51.34,Medium
STU1173,20,Female,4,6.04,64.54,78.37,69.03,93.18,82.4,77.34,77.28,60.93,81.74,3,9,3,57.98,55.59,7,1,4,82.04,100.0,Yes,Information Technology,92.97,84.42,60.34,58.88,Medium
STU1174,24,Female,4,9.15,90.23,71.07,78.21,87.5,98.23,84.92,74.94,71.7,75.77,4,12,5,63.73,65.0,8,7,1,94.97,71.17,Yes,Information Technology,83.89,87.31,54.55,87.76,High
STU1175,18,Female,2,6.5,67.93,47.22,70.76,58.63,58.01,72.49,61.91,76.2,46.3,3,12,4,55.84,47.17,10,5,1,73.99,63.67,Yes,Finance,69.63,68.95,74.14,36.96,Low
STU1176,24,Male,1,5.79,40.0,58.81,39.99,80.97,59.35,59.62,64.59,42.35,49.88,5,23,6,76.02,93.57,4,4,1,100.0,79.56,Yes,Finance,87.44,70.53,85.91,44.43,Medium
STU1177,24,Female,4,6.96,74.11,78.74,76.56,73.71,54.54,60.19,91.98,84.64,77.54,2,6,5,72.24,79.78,7,7,9,87.57,93.02,No,Education,78.96,69.1,79.35,62.71,Medium
STU1178,25,Male,1,9.68,93.7,72.17,85.27,69.26,75.74,59.3,71.3,66.07,54.06,3,8,7,92.1,90.15,8,4,4,71.67,56.35,Undecided,Manufacturing,68.41,64.51,82.16,83.68,High
STU1179,24,Male,3,5.0,66.15,85.35,78.11,79.51,72.28,49.61,56.1,56.02,76.96,3,12,4,60.47,68.13,9,5,3,86.03,86.02,Undecided,Information Technology,82.36,81.51,63.09,40.46,Medium
STU1180,20,Female,4,5.94,63.6,75.24,81.6,72.13,68.02,59.52,55.85,83.29,65.82,2,6,5,70.56,62.09,4,6,3,56.61,59.62,Undecided,Education,63.19,53.09,64.54,48.3,Medium
STU1181,23,Male,2,9.0,82.68,57.43,69.19,61.43,80.52,60.53,63.41,71.72,78.41,4,8,6,78.91,79.64,7,7,3,65.83,64.71,No,Research,66.24,66.13,83.06,65.58,Medium
STU1182,25,Female,2,9.43,94.52,59.65,73.45,76.24,86.02,82.08,100.0,86.59,82.03,3,6,5,56.25,55.31,5,2,4,67.75,55.41,Undecided,Finance,61.28,60.38,56.98,61.04,Medium
STU1183,25,Male,3,7.08,66.4,71.34,75.08,72.74,50.17,57.4,55.84,77.26,59.82,4,16,8,93.29,95.73,7,7,3,67.16,61.26,Yes,Government,58.82,54.99,73.41,50.32,Medium
STU1184,21,Female,4,5.71,64.7,39.92,56.4,61.08,62.24,62.63,76.36,71.98,59.6,4,11,3,49.13,79.14,6,7,2,82.8,82.23,Yes,Consulting,68.94,72.24,52.51,33.79,Low
STU1185,25,Female,3,9.72,99.52,91.75,88.0,92.78,80.66,66.45,66.91,70.17,72.47,1,5,3,67.99,47.57,6,1,6,86.55,88.76,No,Education,82.43,88.88,56.73,58.34,Medium
STU1186,21,Female,4,9.11,98.69,75.74,87.75,77.54,63.92,36.44,59.87,77.79,92.65,3,12,2,53.79,55.17,6,9,5,81.76,78.2,Undecided,Government,61.7,79.66,64.84,64.22,Medium
STU1187,25,Female,1,8.01,76.55,85.95,75.25,69.57,59.62,81.91,81.07,67.04,70.58,1,6,5,65.41,43.91,4,3,3,60.61,37.5,No,Research,45.38,48.12,53.23,42.26,Medium
STU1188,18,Female,3,6.23,66.31,49.45,55.57,45.67,83.24,67.46,65.56,61.77,62.04,3,7,6,66.68,67.13,4,8,3,80.19,61.89,Undecided,Information Technology,78.73,73.45,60.88,37.09,Low
STU1189,20,Male,3,7.14,64.7,86.18,72.2,80.89,53.24,59.83,54.56,79.32,63.03,3,14,7,80.72,75.07,10,5,2,88.21,74.23,Yes,Education,74.45,70.73,70.81,53.26,Medium
STU1190,25,Female,4,7.01,78.0,99.01,97.68,84.74,66.08,55.19,83.74,70.27,84.15,5,20,4,86.85,90.4,5,3,3,80.89,65.02,Yes,Government,78.74,67.71,89.21,70.81,High
STU1191,20,Male,1,7.6,82.03,52.83,41.72,61.93,74.27,83.14,87.48,72.4,88.61,0,2,3,57.57,34.71,8,4,6,48.84,70.65,No,Healthcare,65.6,61.07,48.44,29.77,Low
STU1192,20,Female,4,8.94,93.93,80.03,87.05,75.86,62.54,69.58,77.48,85.07,94.06,0,3,7,83.29,50.99,9,6,4,55.48,70.4,Yes,Manufacturing,59.16,52.43,57.01,56.31,Medium
STU1193,22,Female,3,8.26,84.35,70.01,76.3,96.34,80.18,67.82,81.23,70.63,80.14,0,3,6,85.05,51.72,10,3,5,78.38,86.49,No,Information Technology,87.21,72.3,52.95,64.41,Medium
STU1194,25,Female,2,5.91,66.09,49.92,47.15,46.15,62.6,64.25,71.65,72.18,72.39,2,6,11,92.02,81.12,4,5,4,87.45,55.58,Undecided,Healthcare,83.23,75.69,86.68,25.21,Low
STU1195,19,Male,1,8.85,100.0,76.41,86.86,54.13,88.31,96.52,100.0,64.8,68.5,4,12,10,100.0,79.04,5,5,5,55.33,60.68,Yes,Consulting,50.85,78.1,78.61,70.46,High
STU1196,22,Male,4,7.58,76.22,80.84,81.86,79.79,68.37,70.04,70.13,77.17,72.62,4,13,7,92.61,86.59,5,4,6,69.92,63.79,Yes,Education,75.02,83.76,77.58,74.23,High
STU1197,19,Female,1,8.02,83.15,62.19,76.81,62.44,78.73,73.61,80.37,76.2,70.81,3,12,10,89.59,71.75,4,1,7,70.66,68.09,Yes,Consulting,66.12,78.12,73.99,51.86,Medium
STU1198,20,Male,2,8.96,83.04,85.16,61.17,82.0,79.7,66.45,53.77,82.81,62.48,4,15,4,73.29,76.4,8,6,6,54.89,65.41,Undecided,Information Technology,51.69,62.81,86.5,63.79,Medium
STU1199,20,Male,2,5.87,56.75,48.33,67.54,64.42,61.84,48.88,50.67,65.05,73.89,2,9,6,63.42,71.82,8,6,2,74.24,67.43,No,Education,73.7,69.6,70.34,37.31,Low
STU1200,22,Male,4,7.16,75.12,50.57,58.15,72.65,43.3,57.88,44.67,66.51,64.98,0,3,4,66.87,39.36,12,4,5,75.91,78.13,Yes,Research,80.36,65.25,49.47,25.17,Low
